Testcase ID,Functionality,Sub-Functionality,Title,Pre-requisites,Steps,Expected Output,Support Files,Platform,OS Version,Priority,Category,Remarks,Actual Output,Status - OP,Status - Cloud,Issue ID
TC-AGENTINSTALL-PUSHINSTALL-001,Agent Installation,PUSHINSTALL,Push install on Local Office agent (x64) - happy path,Clean target machine (no agent). Admin/domain credentials configured in server. WMI reachable; ports open between server and target.,"1. Pre-clean target machine (see cleanup TC).
2. In console: Agent > Scope of Management > Computers > Add Computers; add domain/workgroup with admin credentials. [Qengine browser]
3. Select the target from the discovered list and click Install Agents. [Qengine browser]
4. Server copies installer over the network using admin credentials and runs it silently.
1. Record target architecture: run `wmic os get osarchitecture` (use $env:PROCESSOR_ARCHITECTURE for ARM64). [run_command]
2. In UEMS console (Agent > Scope of Management > Computers) confirm the machine is listed under the correct office with remark ""Agent Installed successfully"" / status Active. [Qengine browser]
3. Verify service ""ManageEngine UEMS Agent Service"" exists and is RUNNING. [service_actions: status -> running]
4. Verify startup type Automatic: HKLM\SOFTWARE\WOW6432Node\AdventNet\DesktopCentral\DCAgent\\..\SYSTEM\CurrentControlSet\Services\DCAgent -> Start = 2. [registry_operation: read_key]
5. Verify registry keys ServerName, ServerPort, AgentVersion, InstallDir under HKLM\SOFTWARE\WOW6432Node\AdventNet\DesktopCentral\DCAgent\\ (x86 uses HKLM\SOFTWARE\AdventNet\DesktopCentral\DCAgent\\). [registry_operation: read_key]
6. Verify install dir C:\Program Files (x86)\ManageEngine\UEMS_Agent\\ exists with bin\, conf\, logs\ subfolders (x86 uses C:\Program Files\ManageEngine\UEMS_Agent\\). [file_folder_operation: check_presence]
7. Verify process DCAgentService.exe is running. [task_manager: verify_process]
8. Verify C:\Program Files (x86)\ManageEngine\UEMS_Agent\logs\DCAgentService.log shows the expected Central Server/DS as the communication target.","Architecture recorded. Machine shows Active in console under the correct office. Service ""ManageEngine UEMS Agent Service"" RUNNING with Start=2. Registry keys populated with correct ServerName (Central Server IP for Local/Direct, DS IP for Remote-via-DS). Install directory and sub-folders present for the architecture. Process DCAgentService.exe running. DCAgentService.log confirms communication target. Push completed with no interaction on the endpoint; ServerName = Central Server IP.",C:\Program Files (x86)\ManageEngine\UEMS_Agent\logs\DCAgentService.log; HKLM\SOFTWARE\WOW6432Node\AdventNet\DesktopCentral\DCAgent\\; C:\Program Files (x86)\ManageEngine\UEMS_Agent\\; Windows Services (services.msc); UEMS console SoM page (browser),windows,Windows 11 (x64),P1,Success / Happy Path,Local Office. Repeat for x86 and ARM64 per matrix.,,,,
TC-AGENTINSTALL-PUSHINSTALL-002,Agent Installation,PUSHINSTALL,Push install on Remote Office agent - Direct Communication (x64),Remote Office created with communication type = Direct Communication. Admin creds configured. Target reachable from server over WAN.,"1. Pre-clean target.
2. Console: Agent > Remote Offices > add/modify the remote office; ensure Direct Communication. [Qengine browser]
3. Add the target via Add Computers and trigger push. [Qengine browser]
1. Record target architecture: run `wmic os get osarchitecture` (use $env:PROCESSOR_ARCHITECTURE for ARM64). [run_command]
2. In UEMS console (Agent > Scope of Management > Computers) confirm the machine is listed under the correct office with remark ""Agent Installed successfully"" / status Active. [Qengine browser]
3. Verify service ""ManageEngine UEMS Agent Service"" exists and is RUNNING. [service_actions: status -> running]
4. Verify startup type Automatic: HKLM\SOFTWARE\WOW6432Node\AdventNet\DesktopCentral\DCAgent\\..\SYSTEM\CurrentControlSet\Services\DCAgent -> Start = 2. [registry_operation: read_key]
5. Verify registry keys ServerName, ServerPort, AgentVersion, InstallDir under HKLM\SOFTWARE\WOW6432Node\AdventNet\DesktopCentral\DCAgent\\ (x86 uses HKLM\SOFTWARE\AdventNet\DesktopCentral\DCAgent\\). [registry_operation: read_key]
6. Verify install dir C:\Program Files (x86)\ManageEngine\UEMS_Agent\\ exists with bin\, conf\, logs\ subfolders (x86 uses C:\Program Files\ManageEngine\UEMS_Agent\\). [file_folder_operation: check_presence]
7. Verify process DCAgentService.exe is running. [task_manager: verify_process]
8. Verify C:\Program Files (x86)\ManageEngine\UEMS_Agent\logs\DCAgentService.log shows the expected Central Server/DS as the communication target.","Architecture recorded. Machine shows Active in console under the correct office. Service ""ManageEngine UEMS Agent Service"" RUNNING with Start=2. Registry keys populated with correct ServerName (Central Server IP for Local/Direct, DS IP for Remote-via-DS). Install directory and sub-folders present for the architecture. Process DCAgentService.exe running. DCAgentService.log confirms communication target. Agent registers directly with Central Server (ServerName = Central Server IP); listed under the Remote Office.",C:\Program Files (x86)\ManageEngine\UEMS_Agent\logs\DCAgentService.log; HKLM\SOFTWARE\WOW6432Node\AdventNet\DesktopCentral\DCAgent\\; C:\Program Files (x86)\ManageEngine\UEMS_Agent\\; Windows Services (services.msc); UEMS console SoM page (browser),windows,Windows 11 (x64),P1,Cross-Environment,Remote Office (Direct). Installer binary is <RemoteOfficeName>_Agent.exe.,,,,
TC-AGENTINSTALL-PUSHINSTALL-003,Agent Installation,PUSHINSTALL,Push install on Remote Office agent - via Distribution Server (x64),"Remote Office with communication type = Through Distribution Server. DS installed, Active, and has replicated agent binaries. Admin creds configured.","1. Pre-clean target.
2. Confirm DS is Active and binaries replicated (DS replication logs). [Qengine browser]
3. Console: add target under the Remote Office and trigger push. [Qengine browser]
1. Record target architecture: run `wmic os get osarchitecture` (use $env:PROCESSOR_ARCHITECTURE for ARM64). [run_command]
2. In UEMS console (Agent > Scope of Management > Computers) confirm the machine is listed under the correct office with remark ""Agent Installed successfully"" / status Active. [Qengine browser]
3. Verify service ""ManageEngine UEMS Agent Service"" exists and is RUNNING. [service_actions: status -> running]
4. Verify startup type Automatic: HKLM\SOFTWARE\WOW6432Node\AdventNet\DesktopCentral\DCAgent\\..\SYSTEM\CurrentControlSet\Services\DCAgent -> Start = 2. [registry_operation: read_key]
5. Verify registry keys ServerName, ServerPort, AgentVersion, InstallDir under HKLM\SOFTWARE\WOW6432Node\AdventNet\DesktopCentral\DCAgent\\ (x86 uses HKLM\SOFTWARE\AdventNet\DesktopCentral\DCAgent\\). [registry_operation: read_key]
6. Verify install dir C:\Program Files (x86)\ManageEngine\UEMS_Agent\\ exists with bin\, conf\, logs\ subfolders (x86 uses C:\Program Files\ManageEngine\UEMS_Agent\\). [file_folder_operation: check_presence]
7. Verify process DCAgentService.exe is running. [task_manager: verify_process]
8. Verify C:\Program Files (x86)\ManageEngine\UEMS_Agent\logs\DCAgentService.log shows the expected Central Server/DS as the communication target.","Architecture recorded. Machine shows Active in console under the correct office. Service ""ManageEngine UEMS Agent Service"" RUNNING with Start=2. Registry keys populated with correct ServerName (Central Server IP for Local/Direct, DS IP for Remote-via-DS). Install directory and sub-folders present for the architecture. Process DCAgentService.exe running. DCAgentService.log confirms communication target. ServerName registry value = DS IP (not Central Server). DCAgentService.log shows DS as communication target.",C:\Program Files (x86)\ManageEngine\UEMS_Agent\logs\DCAgentService.log; HKLM\SOFTWARE\WOW6432Node\AdventNet\DesktopCentral\DCAgent\\; C:\Program Files (x86)\ManageEngine\UEMS_Agent\\; Windows Services (services.msc); UEMS console SoM page (browser),windows,Windows 11 (x64),P1,Cross-Environment,Remote Office (via DS).,,,,
TC-AGENTINSTALL-PUSHINSTALL-004,Agent Installation,PUSHINSTALL,Force push via UEMSRemoteInstaller only (method isolation),Target reachable. Admin creds configured. Access to server/DS bin folder.,"1. Rename C:\Program Files (x86)\ManageEngine\UEMS_Agent\bin\\remcom.exe -> remcom.exe.bak. [file_folder_operation: rename]
2. Rename C:\Program Files (x86)\ManageEngine\UEMS_Agent\bin\\remcom64.exe -> remcom64.exe.bak (if present). [file_folder_operation: rename]
3. Stop WMI: `net stop winmgmt /y`. [service_actions: stop]
4. Add target to SoM and trigger push. [Qengine browser]
5. Verify service ""ManageEngine UEMS Agent Service"" is RUNNING. [service_actions: status]
6. TEARDOWN: `net start winmgmt`; rename remcom.exe.bak/remcom64.exe.bak back to original. [service_actions: start / file_folder_operation: rename]",Push succeeds using only UEMSRemoteInstaller.exe. Agent service RUNNING. Original filenames and WMI restored after the test.,C:\Program Files (x86)\ManageEngine\UEMS_Agent\logs\DCAgentService.log; HKLM\SOFTWARE\WOW6432Node\AdventNet\DesktopCentral\DCAgent\\; C:\Program Files (x86)\ManageEngine\UEMS_Agent\\; Windows Services (services.msc); UEMS console SoM page (browser); C:\Program Files (x86)\ManageEngine\UEMS_Agent\bin\\,windows,Windows 11 (x64),P2,Retry / Recovery,Method isolation. Teardown MUST restore renamed files - RETRY SCENARIO.,,,,
TC-AGENTINSTALL-PUSHINSTALL-005,Agent Installation,PUSHINSTALL,Force push via WMI only (method isolation),Target reachable. Admin creds configured. WMI accessible.,"1. Rename C:\Program Files (x86)\ManageEngine\UEMS_Agent\bin\\UEMSRemoteInstaller.exe -> .bak. [file_folder_operation: rename]
2. Rename C:\Program Files (x86)\ManageEngine\UEMS_Agent\bin\\remcom.exe -> .bak (and remcom64.exe if present). [file_folder_operation: rename]
3. Ensure WMI service is running: `net start winmgmt`. [service_actions: start]
4. Add target to SoM and trigger push. [Qengine browser]
5. Verify ""ManageEngine UEMS Agent Service"" RUNNING. [service_actions: status]
6. TEARDOWN: rename all .bak files back to original. [file_folder_operation: rename]",Push succeeds using only the WMI method. Agent service RUNNING. Filenames restored.,C:\Program Files (x86)\ManageEngine\UEMS_Agent\logs\DCAgentService.log; HKLM\SOFTWARE\WOW6432Node\AdventNet\DesktopCentral\DCAgent\\; C:\Program Files (x86)\ManageEngine\UEMS_Agent\\; Windows Services (services.msc); UEMS console SoM page (browser); C:\Program Files (x86)\ManageEngine\UEMS_Agent\bin\\,windows,Windows 11 (x64),P2,Retry / Recovery,Method isolation - RETRY SCENARIO.,,,,
TC-AGENTINSTALL-PUSHINSTALL-006,Agent Installation,PUSHINSTALL,Force push via Remcom only (method isolation),Target reachable. Admin creds configured.,"1. Rename C:\Program Files (x86)\ManageEngine\UEMS_Agent\bin\\UEMSRemoteInstaller.exe -> .bak. [file_folder_operation: rename]
2. Stop WMI: `net stop winmgmt /y`. [service_actions: stop]
3. Add target to SoM and trigger push. [Qengine browser]
4. Verify ""ManageEngine UEMS Agent Service"" RUNNING. [service_actions: status]
5. TEARDOWN: `net start winmgmt`; rename UEMSRemoteInstaller.exe.bak back. [service_actions: start / file_folder_operation: rename]",Push succeeds using only remcom.exe / remcom64.exe. Agent service RUNNING. WMI and filename restored.,C:\Program Files (x86)\ManageEngine\UEMS_Agent\logs\DCAgentService.log; HKLM\SOFTWARE\WOW6432Node\AdventNet\DesktopCentral\DCAgent\\; C:\Program Files (x86)\ManageEngine\UEMS_Agent\\; Windows Services (services.msc); UEMS console SoM page (browser); C:\Program Files (x86)\ManageEngine\UEMS_Agent\bin\\,windows,Windows 11 (x64),P2,Retry / Recovery,Method isolation - RETRY SCENARIO.,,,,
TC-AGENTINSTALL-PUSHINSTALL-007,Agent Installation,PUSHINSTALL,Push fallback chain - UEMSRemoteInstaller fails then WMI succeeds,Target reachable. Admin creds configured.,"1. Make UEMSRemoteInstaller path unusable (rename UEMSRemoteInstaller.exe -> .bak). [file_folder_operation: rename]
2. Keep WMI running and remcom present.
3. Trigger push from server. [Qengine browser]
4. Observe server logs: first method fails, fallback proceeds to WMI.
5. Verify ""ManageEngine UEMS Agent Service"" RUNNING. [service_actions: status]
6. TEARDOWN: restore UEMSRemoteInstaller.exe. [file_folder_operation: rename]",Server attempts UEMSRemoteInstaller -> WMI in order; WMI succeeds; agent installs. Service RUNNING.,C:\Program Files (x86)\ManageEngine\UEMS_Agent\logs\DCAgentService.log; HKLM\SOFTWARE\WOW6432Node\AdventNet\DesktopCentral\DCAgent\\; C:\Program Files (x86)\ManageEngine\UEMS_Agent\\; Windows Services (services.msc); UEMS console SoM page (browser); C:\Program Files (x86)\ManageEngine\UEMS_Agent\bin\\,windows,Windows 11 (x64),P2,Retry / Recovery,Fallback order UEMSRemoteInstaller -> WMI -> remcom. RETRY SCENARIO.,,,,
TC-AGENTINSTALL-PUSHINSTALL-008,Agent Installation,PUSHINSTALL,Push install - x86 (32-bit) path and registry verification,Clean 32-bit Windows target. Admin creds configured.,"1. Confirm architecture = 32-bit. [run_command: wmic os get osarchitecture]
2. Trigger push from server. [Qengine browser]
3. Verify install dir C:\Program Files\ManageEngine\UEMS_Agent\\ (NOT Program Files (x86)). [file_folder_operation: check_presence]
4. Verify registry under HKLM\SOFTWARE\AdventNet\DesktopCentral\DCAgent\\ (direct hive, not WOW6432Node). [registry_operation: read_key]
5. Verify ""ManageEngine UEMS Agent Service"" RUNNING. [service_actions: status]",Agent installed to C:\Program Files\ManageEngine\UEMS_Agent\\ with registry under the direct AdventNet hive. Service RUNNING.,C:\Program Files (x86)\ManageEngine\UEMS_Agent\logs\DCAgentService.log; HKLM\SOFTWARE\WOW6432Node\AdventNet\DesktopCentral\DCAgent\\; C:\Program Files (x86)\ManageEngine\UEMS_Agent\\; Windows Services (services.msc); UEMS console SoM page (browser),windows,Windows 10 (x86),P2,Cross-Environment,x86 path/hive differ from x64.,,,,
TC-AGENTINSTALL-PUSHINSTALL-009,Agent Installation,PUSHINSTALL,Push install - ARM64 under emulation,"Clean ARM64 Windows 11 target (e.g., Surface Pro X / Snapdragon). Admin creds configured.","1. Confirm architecture = ARM64. [run_command: $env:PROCESSOR_ARCHITECTURE]
2. Trigger push from server. [Qengine browser]
3. Verify install dir C:\Program Files (x86)\ManageEngine\UEMS_Agent\\ (emulated). [file_folder_operation: check_presence]
4. Verify registry under HKLM\SOFTWARE\WOW6432Node\AdventNet\DesktopCentral\DCAgent\\. [registry_operation]
5. Verify DCAgentService.exe runs under emulation; check Event Viewer for emulation warnings. [task_manager]",Agent installs and runs under x86/x64 emulation on ARM64 without errors; no emulation failures in Event Viewer.,C:\Program Files (x86)\ManageEngine\UEMS_Agent\logs\DCAgentService.log; HKLM\SOFTWARE\WOW6432Node\AdventNet\DesktopCentral\DCAgent\\; C:\Program Files (x86)\ManageEngine\UEMS_Agent\\; Windows Services (services.msc); UEMS console SoM page (browser),windows,Windows 11 (ARM64),P2,Cross-Environment,ARM64 emulation; possible perf overhead.,,,,
TC-AGENTINSTALL-PUSHINSTALL-010,Agent Installation,PUSHINSTALL,Push install fails with invalid admin credentials,Target reachable. Configure incorrect admin credentials in server.,"1. Configure invalid admin credentials for the target. [Qengine browser]
2. Trigger push install. [Qengine browser]
3. Observe SoM remark.",Push fails with an authentication/access error; SoM remark reflects credential failure. No service/registry created on target.,UEMS console SoM remark; HKLM\SOFTWARE\WOW6432Node\AdventNet\DesktopCentral\DCAgent\\,windows,Windows 11 (x64),P2,Negative Cases,FAILURE SCENARIO,,,,
TC-AGENTINSTALL-PUSHINSTALL-011,Agent Installation,PUSHINSTALL,Push install fails with low-privilege credentials,Target reachable. A non-admin (standard) user account available.,"1. Configure a low-privilege user credential for the target. [Qengine browser]
2. Trigger push install. [Qengine browser]
3. Observe failure.",Push fails (insufficient privilege / network name not available). Agent not installed.,UEMS console SoM remark,windows,Windows 11 (x64),P2,Security / Permission,FAILURE SCENARIO,,,,
TC-AGENTINSTALL-PUSHINSTALL-012,Agent Installation,PUSHINSTALL,Push fails when File & Printer Sharing / network discovery disabled,Target machine with File & Printer Sharing disabled. Valid admin creds.,"1. On target, disable File and Printer Sharing / network discovery. [control panel - manual]
2. Trigger push install from server. [Qengine browser]
3. Observe error.","Push fails with ""network name not available"" (or equivalent). Agent not installed.",UEMS console SoM remark,windows,Windows 11 (x64),P2,Negative Cases,FAILURE SCENARIO,,,,
TC-AGENTINSTALL-PUSHINSTALL-013,Agent Installation,PUSHINSTALL,Push install on unsupported OS (below Windows 7),Target running an OS below Windows 7.,"1. Trigger push install on the legacy OS target. [Qengine browser]
2. Observe result.",Installation does not succeed; server reports unsupported OS / failure.,UEMS console SoM remark,windows,Below Windows 7,P3,Negative Cases,Must fail.,,,,
TC-AGENTINSTALL-PUSHINSTALL-014,Agent Installation,PUSHINSTALL,Push install on unsupported Windows Server (below 2008 R2),Target running Windows Server below 2008 R2.,"1. Trigger push install. [Qengine browser]
2. Observe result.",Installation fails; unsupported server OS reported.,UEMS console SoM remark,windows,Windows Server < 2008 R2,P3,Negative Cases,Must fail.,,,,
TC-AGENTINSTALL-PUSHINSTALL-015,Agent Installation,PUSHINSTALL,Push fails when required ports blocked by firewall,Target reachable on network but admin/WMI ports blocked by firewall.,"1. Block the server-to-target ports / WMI on the target firewall. [manual]
2. Trigger push install. [Qengine browser]
3. Restore firewall after test.",Push fails to connect; appropriate connectivity error shown. Agent not installed.,UEMS console SoM remark; target firewall config,windows,Windows 11 (x64),P2,Failure / Error Handling,FAILURE SCENARIO,,,,
TC-AGENTINSTALL-PUSHINSTALL-016,Agent Installation,PUSHINSTALL,Concurrent push to many machines,Multiple clean targets reachable. Admin creds configured.,"1. Add a batch of targets to SoM. [Qengine browser]
2. Trigger push install on all simultaneously. [Qengine browser]
3. Validate each target post-install. 1. Record target architecture: run `wmic os get osarchitecture` (use $env:PROCESSOR_ARCHITECTURE for ARM64). [run_command]",All targets install successfully without resource contention; each reaches Active with service RUNNING.,C:\Program Files (x86)\ManageEngine\UEMS_Agent\logs\DCAgentService.log; HKLM\SOFTWARE\WOW6432Node\AdventNet\DesktopCentral\DCAgent\\; C:\Program Files (x86)\ManageEngine\UEMS_Agent\\; Windows Services (services.msc); UEMS console SoM page (browser),windows,Windows 11 (x64),P2,Concurrency / Race Conditions,CONCURRENCY SCENARIO,,,,
TC-AGENTINSTALL-PUSHINSTALL-017,Agent Installation,PUSHINSTALL,Push fails - DS has not yet replicated binaries (Access Denied),Remote Office via DS. DS freshly added; binary replication NOT yet complete.,"1. Add a remote office with DS and immediately add a target before replication finishes. [Qengine browser]
2. Trigger push install. [Qengine browser]
3. Observe SoM remark.
4. Wait for DS replication to complete, retry push, and confirm success.","Before replication: push fails with ""Access Denied"" remark. After replication completes: retry succeeds and agent installs.",DS replication logs; UEMS console SoM remark; C:\Program Files (x86)\ManageEngine\UEMS_Agent\logs\DCAgentService.log,windows,Windows 11 (x64),P1,Support Ticket Scenario,SUPPORT TICKET: DS-not-replicated-AccessDenied. Timing/race with DS replication.,,,,DS replication race
TC-AGENTINSTALL-PUSHINSTALL-018,Agent Installation,PUSHINSTALL,Push fails - All pipes are busy via UEMSRemoteInstaller,Remote Office / Local Office push using UEMSRemoteInstaller under load.,"1. Drive concurrent push operations through UEMSRemoteInstaller. [Qengine browser]
2. Observe the named-pipe error condition.
3. Verify fallback/retry behavior and final state.","Reproduce ""All pipes are busy"" from UEMSRemoteInstaller; confirm whether server falls back to WMI/remcom and final install state.",UEMS server push logs; C:\Program Files (x86)\ManageEngine\UEMS_Agent\bin\\,windows,Windows 11 (x64),P1,Support Ticket Scenario,SUPPORT TICKET: UEMSRemoteInstaller all-pipes-busy.,,,,Pipes busy
TC-AGENTINSTALL-PUSHINSTALL-019,Agent Installation,PUSHINSTALL,Push install causes endpoint blackscreen on builds 2540.01-2540.07,Target on agent build in the 2540.01-2540.07 range.,"1. Trigger push install with a build in 2540.01-2540.07. [Qengine browser]
2. Observe the endpoint display after install.
3. Confirm whether the machine goes to blackscreen.","Reproduce the blackscreen on the affected build range; confirm fix on patched builds (no blackscreen, normal logon).",Endpoint display; Event Viewer; C:\Program Files (x86)\ManageEngine\UEMS_Agent\logs\DCAgentService.log,windows,Build 2540.01-2540.07,P1,Bug Scenario,BUG SCENARIO. Build-specific 2540.01-2540.07.,,,,Blackscreen
TC-AGENTINSTALL-PUSHINSTALL-020,Agent Installation,PUSHINSTALL,Pre-install cleanup before push (clean-state baseline),Target may have a stale/previous agent.,"1. Check whether a UEMS agent is already installed (Control Panel > Programs, service list, HKLM\SOFTWARE\WOW6432Node\AdventNet\DesktopCentral\DCAgent\\). [file_folder_operation/registry_operation]
2. If present, uninstall it (server console Uninstall Agent, or silent: C:\Program Files (x86)\ManageEngine\UEMS_Agent\bin\\DCAgent.exe /uninstall /s). [run_bat]
3. Verify the entry is removed from Control Panel / Apps. [native_gui_operation]
4. Verify service ""ManageEngine UEMS Agent Service"" is absent or stopped. [service_actions: status]
5. Verify no DCAgentService.exe process is running. [task_manager: verify_process]
6. Verify agent registry keys under HKLM\SOFTWARE\WOW6432Node\AdventNet\DesktopCentral\DCAgent\\ are removed. [registry_operation: read_key]","Machine is in a clean state: no agent in Control Panel, service absent/stopped, no DCAgentService.exe process, agent registry keys removed.",Control Panel; Services; Task Manager; HKLM\SOFTWARE\WOW6432Node\AdventNet\DesktopCentral\DCAgent\\,windows,Windows 11 (x64),P1,Cleanup / Uninstall,Baseline cleanup reused by all install TCs.,,,,
TC-AGENTINSTALL-MANUALGUI-001,Agent Installation,MANUALGUI,Manual GUI wizard install - Local Office (x64) happy path,Clean target. <OfficeName>_Agent.exe downloaded from console and copied to target.,"1. Launch <OfficeName>_Agent.exe on the target. [run_bat]
2. Read the CAPTCHA text from the captcha label. [native_gui_operation automationId=3 ReadText]
3. Type the CAPTCHA into the input field. [native_gui_operation automationId=6 EnterText]
4. Click OK to validate CAPTCHA. [native_gui_operation automationId=7 Click]
5. Wait for ""Next >"" (timeout 10s). [native_gui_operation automationId=2018 Wait]
6. Click ""Next >"" (info screen). [native_gui_operation automationId=2018 Click]
7. Click ""Next >"" (starts installation). [native_gui_operation automationId=2018 Click]
8. Wait for completion text (timeout 30s). [native_gui_operation automationId=2023 Wait]
9. Read completion text; expected ""Installation Complete"". [native_gui_operation automationId=2023 ReadText]
10. Click Close. [native_gui_operation automationId=2075 Click]
11. Record target architecture: run `wmic os get osarchitecture` (use $env:PROCESSOR_ARCHITECTURE for ARM64). [run_command]
2. In UEMS console (Agent > Scope of Management > Computers) confirm the machine is listed under the correct office with remark ""Agent Installed successfully"" / status Active. [Qengine browser]
3. Verify service ""ManageEngine UEMS Agent Service"" exists and is RUNNING. [service_actions: status -> running]
4. Verify startup type Automatic: HKLM\SOFTWARE\WOW6432Node\AdventNet\DesktopCentral\DCAgent\\..\SYSTEM\CurrentControlSet\Services\DCAgent -> Start = 2. [registry_operation: read_key]
5. Verify registry keys ServerName, ServerPort, AgentVersion, InstallDir under HKLM\SOFTWARE\WOW6432Node\AdventNet\DesktopCentral\DCAgent\\ (x86 uses HKLM\SOFTWARE\AdventNet\DesktopCentral\DCAgent\\). [registry_operation: read_key]
6. Verify install dir C:\Program Files (x86)\ManageEngine\UEMS_Agent\\ exists with bin\, conf\, logs\ subfolders (x86 uses C:\Program Files\ManageEngine\UEMS_Agent\\). [file_folder_operation: check_presence]
7. Verify process DCAgentService.exe is running. [task_manager: verify_process]
8. Verify C:\Program Files (x86)\ManageEngine\UEMS_Agent\logs\DCAgentService.log shows the expected Central Server/DS as the communication target.","Wizard completes; completion text = ""Installation Complete"". Architecture recorded. Machine shows Active in console under the correct office. Service ""ManageEngine UEMS Agent Service"" RUNNING with Start=2. Registry keys populated with correct ServerName (Central Server IP for Local/Direct, DS IP for Remote-via-DS). Install directory and sub-folders present for the architecture. Process DCAgentService.exe running. DCAgentService.log confirms communication target.",C:\Program Files (x86)\ManageEngine\UEMS_Agent\logs\DCAgentService.log; HKLM\SOFTWARE\WOW6432Node\AdventNet\DesktopCentral\DCAgent\\; C:\Program Files (x86)\ManageEngine\UEMS_Agent\\; Windows Services (services.msc); UEMS console SoM page (browser),windows,Windows 11 (x64),P1,Success / Happy Path,"Local Office. Browser download steps owned by Qengine, not GOAT.",,,,
TC-AGENTINSTALL-MANUALGUI-002,Agent Installation,MANUALGUI,Manual GUI install - Remote Office via DS,Clean target in a Remote Office (via DS). <RemoteOfficeName>_Agent.exe downloaded and copied.,"1. Launch <OfficeName>_Agent.exe on the target. [run_bat]
2. Read the CAPTCHA text from the captcha label. [native_gui_operation automationId=3 ReadText]
3. Type the CAPTCHA into the input field. [native_gui_operation automationId=6 EnterText]
4. Click OK to validate CAPTCHA. [native_gui_operation automationId=7 Click]
5. Wait for ""Next >"" (timeout 10s). [native_gui_operation automationId=2018 Wait]
6. Click ""Next >"" (info screen). [native_gui_operation automationId=2018 Click]
7. Click ""Next >"" (starts installation). [native_gui_operation automationId=2018 Click]
8. Wait for completion text (timeout 30s). [native_gui_operation automationId=2023 Wait]
9. Read completion text; expected ""Installation Complete"". [native_gui_operation automationId=2023 ReadText]
10. Click Close. [native_gui_operation automationId=2075 Click]
11. 2. In UEMS console (Agent > Scope of Management > Computers) confirm the machine is listed under the correct office with remark ""Agent Installed successfully"" / status Active. [Qengine browser]
3. Verify service ""ManageEngine UEMS Agent Service"" exists and is RUNNING. [service_actions: status -> running]
4. Verify startup type Automatic: HKLM\SOFTWARE\WOW6432Node\AdventNet\DesktopCentral\DCAgent\\..\SYSTEM\CurrentControlSet\Services\DCAgent -> Start = 2. [registry_operation: read_key]
5. Verify registry keys ServerName, ServerPort, AgentVersion, InstallDir under HKLM\SOFTWARE\WOW6432Node\AdventNet\DesktopCentral\DCAgent\\ (x86 uses HKLM\SOFTWARE\AdventNet\DesktopCentral\DCAgent\\). [registry_operation: read_key]
6. Verify install dir C:\Program Files (x86)\ManageEngine\UEMS_Agent\\ exists with bin\, conf\, logs\ subfolders (x86 uses C:\Program Files\ManageEngine\UEMS_Agent\\). [file_folder_operation: check_presence]
7. Verify process DCAgentService.exe is running. [task_manager: verify_process]
8. Verify C:\Program Files (x86)\ManageEngine\UEMS_Agent\logs\DCAgentService.log shows the expected Central Server/DS as the communication target.",Wizard completes. Agent registers with DS (ServerName = DS IP). Listed under the Remote Office.,C:\Program Files (x86)\ManageEngine\UEMS_Agent\logs\DCAgentService.log; HKLM\SOFTWARE\WOW6432Node\AdventNet\DesktopCentral\DCAgent\\; C:\Program Files (x86)\ManageEngine\UEMS_Agent\\; Windows Services (services.msc); UEMS console SoM page (browser),windows,Windows 11 (x64),P2,Cross-Environment,Remote Office (via DS).,,,,
TC-AGENTINSTALL-MANUALGUI-003,Agent Installation,MANUALGUI,Manual GUI install - x86 path/registry verification,Clean 32-bit target. EXE copied.,"1. Launch <OfficeName>_Agent.exe on the target. [run_bat]
2. Read the CAPTCHA text from the captcha label. [native_gui_operation automationId=3 ReadText]
3. Type the CAPTCHA into the input field. [native_gui_operation automationId=6 EnterText]
4. Click OK to validate CAPTCHA. [native_gui_operation automationId=7 Click]
5. Wait for ""Next >"" (timeout 10s). [native_gui_operation automationId=2018 Wait]
6. Click ""Next >"" (info screen). [native_gui_operation automationId=2018 Click]
7. Click ""Next >"" (starts installation). [native_gui_operation automationId=2018 Click]
8. Wait for completion text (timeout 30s). [native_gui_operation automationId=2023 Wait]
9. Read completion text; expected ""Installation Complete"". [native_gui_operation automationId=2023 ReadText]
10. Click Close. [native_gui_operation automationId=2075 Click]
11. Verify install dir C:\Program Files\ManageEngine\UEMS_Agent\\ and registry hive HKLM\SOFTWARE\AdventNet\DesktopCentral\DCAgent\\. [file_folder_operation/registry_operation]",Wizard completes; agent at C:\Program Files\ManageEngine\UEMS_Agent\\ with direct AdventNet registry hive.,C:\Program Files (x86)\ManageEngine\UEMS_Agent\logs\DCAgentService.log; HKLM\SOFTWARE\WOW6432Node\AdventNet\DesktopCentral\DCAgent\\; C:\Program Files (x86)\ManageEngine\UEMS_Agent\\; Windows Services (services.msc); UEMS console SoM page (browser),windows,Windows 10 (x86),P2,Cross-Environment,,,,,
TC-AGENTINSTALL-MANUALGUI-004,Agent Installation,MANUALGUI,Download agent EXE from server console,Console access via Qengine browser.,"1. Open the UEMS console; go to Agent > Computers > Download Agent. [Qengine browser]
2. Select office (Local/Remote) + OS; click Download Agent. [Qengine browser]
3. Verify <OfficeName>_Agent.exe downloads and is not corrupted (size > 0, opens).",Installer EXE downloads successfully; file integrity OK.,Browser download folder,windows,Windows 11 (x64),P2,Success / Happy Path,"Browser step - Qengine owned, manual product-level.",,,,
TC-AGENTINSTALL-MANUALGUI-005,Agent Installation,MANUALGUI,Copy installer to target machine,Downloaded installer available on source machine.,"1. Locate the downloaded installer. [file_folder_operation]
2. Copy it to the target (GOAT upload files feature / share). [file_folder_operation]
3. Verify the file exists at the target path. [file_folder_operation: check_presence]",Installer present at the expected target path with matching size.,File Explorer / network share,windows,Windows 11 (x64),P3,Integration,,,,,
TC-AGENTINSTALL-MANUALGUI-006,Agent Installation,MANUALGUI,Manual install fails on invalid CAPTCHA,Clean target. EXE available.,"1. Launch installer. [run_bat]
2. Read CAPTCHA (automationId 3) then deliberately type wrong text (automationId 6). [native_gui_operation]
3. Click OK (automationId 7). [native_gui_operation]
4. Observe.",CAPTCHA validation fails; an error is shown; the wizard does not advance to install.,Installer UI,windows,Windows 11 (x64),P2,Negative Cases,FAILURE SCENARIO,,,,
TC-AGENTINSTALL-MANUALGUI-007,Agent Installation,MANUALGUI,Manual install fails with corrupt installer,Clean target. A deliberately corrupted <OfficeName>_Agent.exe.,"1. Place a corrupt installer on the target. [file_folder_operation]
2. Launch it. [run_bat]
3. Observe.",Installer fails to run / errors out; no agent service or registry created.,Installer UI; HKLM\SOFTWARE\WOW6432Node\AdventNet\DesktopCentral\DCAgent\\,windows,Windows 11 (x64),P2,Negative Cases,FAILURE SCENARIO,,,,
TC-AGENTINSTALL-MANUALGUI-008,Agent Installation,MANUALGUI,Manual install without administrator rights,Clean target. Standard (non-admin) user session.,"1. Log in as a standard user.
2. Run the installer. [run_bat]
3. Observe.",Installation blocked with a permission/elevation error. Agent not installed.,Installer UI,windows,Windows 11 (x64),P2,Security / Permission,FAILURE SCENARIO,,,,
TC-AGENTINSTALL-MANUALGUI-009,Agent Installation,MANUALGUI,Manual wizard encounters an undocumented GUI element,Installer build introduces a new wizard control not in the KNOWLEDGE.md automationId table.,"1. Launch installer and proceed through the documented steps. [native_gui_operation]
2. On reaching an undocumented control, STOP automation.
3. Capture the control and request its automationId from the user before generating GOAT JSON.",Test halts at the unknown control; tester records the new automationId. No fabricated IDs used.,Installer UI,windows,Windows 11 (x64),P3,Edge Cases,Per KNOWLEDGE rule: never fabricate automationId - ask the user.,,,,
TC-AGENTINSTALL-MANUALGUI-010,Agent Installation,MANUALGUI,Network drop during manual installer download,Console download in progress via Qengine.,"1. Start the agent download. [Qengine browser]
2. Disconnect the network mid-download. [network util]
3. Observe.",Download fails gracefully (no partial/corrupt file treated as valid); clear error surfaced.,Browser; network util,windows,Windows 11 (x64),P2,Timing / Timeout,FAILURE SCENARIO,,,,
TC-AGENTINSTALL-MANUALGUI-011,Agent Installation,MANUALGUI,Manual installation logged as 'upgrade' in SOM log,"Clean target (fresh install, not an upgrade).","1. Perform a fresh manual install. 1. Launch <OfficeName>_Agent.exe on the target. [run_bat]
2. After install, inspect the SOM log / install classification in the console. [Qengine browser]","A fresh manual install must be recorded as a new installation, NOT as an upgrade, in the SOM log.",UEMS console SOM log; C:\Program Files (x86)\ManageEngine\UEMS_Agent\logs\DCAgentService.log,windows,Windows 11 (x64),P2,Support Ticket Scenario,SUPPORT TICKET: manual-install-printed-as-upgrade.,,,,Install vs upgrade log
TC-AGENTINSTALL-MANUALGUI-012,Agent Installation,MANUALGUI,Manual install fails - TEMP directory points to invalid path,Target where %TEMP% / TMP environment variable points to a non-existent or invalid path.,"1. Set %TEMP% to an invalid path on the target. [manual]
2. Launch the manual installer. [run_bat]
3. Observe.",Reproduce manual install failure caused by invalid temp path; confirm fix handles/falls back gracefully.,Installer UI; C:\Program Files (x86)\ManageEngine\UEMS_Agent\logs\DCAgentService.log,windows,Windows 11 (x64),P2,Support Ticket Scenario,SUPPORT TICKET: temp-directory-invalid-path.,,,,Invalid TEMP
TC-AGENTINSTALL-MANUALGUI-013,Agent Installation,MANUALGUI,Manual installation failure - miscellaneous reasons,Clean target; reproduce general manual install failure conditions reported by customers.,"1. Attempt manual install under the reported failure conditions. [run_bat / native_gui_operation]
2. Collect installer log and DCAgentService.log.
3. Classify the failure cause.",Failure reproduced and root-caused; installer surfaces a meaningful error; no half-installed state left behind.,C:\Program Files (x86)\ManageEngine\UEMS_Agent\logs\DCAgentService.log; installer log,windows,Windows 11 (x64),P3,Failure / Error Handling,SUPPORT TICKET: manual-install-misc-failure.,,,,Misc manual failure
TC-AGENTINSTALL-MANUALGUI-014,Agent Installation,MANUALGUI,Installer crash - NULL service tag (heap corruption),"Target where service-tag fetch can return null (e.g., VM / hardware without service tag).","1. Set up a target whose service tag fetch returns null. [manual]
2. Run the agent installer. [run_bat]
3. Monitor for crash / heap corruption.",Installer must NOT crash on null service tag; it handles null safely and completes (or fails cleanly without heap corruption).,installer log; Windows Event Viewer; C:\Program Files (x86)\ManageEngine\UEMS_Agent\logs\DCAgentService.log,windows,Windows 11 (x64),P1,Bug Scenario,BUG SCENARIO: heap corruption from null service tag.,,,,Null servicetag heap
TC-AGENTINSTALL-MANUALGUI-015,Agent Installation,MANUALGUI,Installer crash - NULL resource string used by strcpy,Target/build where a resource string can resolve to NULL.,"1. Trigger the install path that reads the resource string. [run_bat]
2. Monitor for crash during strcpy on the NULL string.",Installer handles the NULL resource string safely and does not crash.,installer log; Event Viewer,windows,Windows 11 (x64),P1,Bug Scenario,BUG SCENARIO: NULL resource string strcpy crash.,,,,Null resource strcpy
TC-AGENTINSTALL-MANUALGUI-016,Agent Installation,MANUALGUI,Installer crash - dynamic key is null,Target/config where a dynamic key resolves to null during install.,"1. Run the installer through the code path that uses the dynamic key. [run_bat]
2. Monitor for crash.",Installer handles the null dynamic key gracefully without crashing.,installer log; Event Viewer,windows,Windows 11 (x64),P1,Bug Scenario,BUG SCENARIO: crash when dynamic key null.,,,,Null dynamic key
TC-AGENTINSTALL-MANUALGUI-017,Agent Installation,MANUALGUI,Installer crash - processing agent-security-settings.json (GetAttemptData),Target with an agent-security-settings.json that exercises GetAttemptData.,"1. Place the relevant agent-security-settings.json on the target. [file_folder_operation]
2. Run install so GetAttemptData processes it. [run_bat]
3. Monitor for crash.",Install processes agent-security-settings.json without crashing in GetAttemptData.,agent-security-settings.json; installer log; Event Viewer,windows,Windows 11 (x64),P1,Bug Scenario,BUG SCENARIO: crash in GetAttemptData.,,,,GetAttemptData crash
TC-AGENTINSTALL-MANUALGUI-018,Agent Installation,MANUALGUI,Post-install validation - architecture-aware,Manual install just completed.,"1. Record target architecture: run `wmic os get osarchitecture` (use $env:PROCESSOR_ARCHITECTURE for ARM64). [run_command]
2. In UEMS console (Agent > Scope of Management > Computers) confirm the machine is listed under the correct office with remark ""Agent Installed successfully"" / status Active. [Qengine browser]
3. Verify service ""ManageEngine UEMS Agent Service"" exists and is RUNNING. [service_actions: status -> running]
4. Verify startup type Automatic: HKLM\SOFTWARE\WOW6432Node\AdventNet\DesktopCentral\DCAgent\\..\SYSTEM\CurrentControlSet\Services\DCAgent -> Start = 2. [registry_operation: read_key]
5. Verify registry keys ServerName, ServerPort, AgentVersion, InstallDir under HKLM\SOFTWARE\WOW6432Node\AdventNet\DesktopCentral\DCAgent\\ (x86 uses HKLM\SOFTWARE\AdventNet\DesktopCentral\DCAgent\\). [registry_operation: read_key]
6. Verify install dir C:\Program Files (x86)\ManageEngine\UEMS_Agent\\ exists with bin\, conf\, logs\ subfolders (x86 uses C:\Program Files\ManageEngine\UEMS_Agent\\). [file_folder_operation: check_presence]
7. Verify process DCAgentService.exe is running. [task_manager: verify_process]
8. Verify C:\Program Files (x86)\ManageEngine\UEMS_Agent\logs\DCAgentService.log shows the expected Central Server/DS as the communication target.","Architecture recorded. Machine shows Active in console under the correct office. Service ""ManageEngine UEMS Agent Service"" RUNNING with Start=2. Registry keys populated with correct ServerName (Central Server IP for Local/Direct, DS IP for Remote-via-DS). Install directory and sub-folders present for the architecture. Process DCAgentService.exe running. DCAgentService.log confirms communication target.",C:\Program Files (x86)\ManageEngine\UEMS_Agent\logs\DCAgentService.log; HKLM\SOFTWARE\WOW6432Node\AdventNet\DesktopCentral\DCAgent\\; C:\Program Files (x86)\ManageEngine\UEMS_Agent\\; Windows Services (services.msc); UEMS console SoM page (browser),windows,Windows 11 (x64),P1,Success / Happy Path,Reusable post-validation block.,,,,
TC-AGENTINSTALL-SILENTINSTALL-001,Agent Installation,SILENTINSTALL,Silent EXE install (/silent) - Local Office (x64) happy path,Clean target. <OfficeName>_Agent.exe copied to target. Admin command prompt.,"1. Open an elevated command prompt on the target.
2. Run: <OfficeName>_Agent.exe /silent  (e.g., LocalOffice_Agent.exe /silent). [run_bat arguments=/silent]
3. Confirm NO GUI appears.
1. Record target architecture: run `wmic os get osarchitecture` (use $env:PROCESSOR_ARCHITECTURE for ARM64). [run_command]
2. In UEMS console (Agent > Scope of Management > Computers) confirm the machine is listed under the correct office with remark ""Agent Installed successfully"" / status Active. [Qengine browser]
3. Verify service ""ManageEngine UEMS Agent Service"" exists and is RUNNING. [service_actions: status -> running]
4. Verify startup type Automatic: HKLM\SOFTWARE\WOW6432Node\AdventNet\DesktopCentral\DCAgent\\..\SYSTEM\CurrentControlSet\Services\DCAgent -> Start = 2. [registry_operation: read_key]
5. Verify registry keys ServerName, ServerPort, AgentVersion, InstallDir under HKLM\SOFTWARE\WOW6432Node\AdventNet\DesktopCentral\DCAgent\\ (x86 uses HKLM\SOFTWARE\AdventNet\DesktopCentral\DCAgent\\). [registry_operation: read_key]
6. Verify install dir C:\Program Files (x86)\ManageEngine\UEMS_Agent\\ exists with bin\, conf\, logs\ subfolders (x86 uses C:\Program Files\ManageEngine\UEMS_Agent\\). [file_folder_operation: check_presence]
7. Verify process DCAgentService.exe is running. [task_manager: verify_process]
8. Verify C:\Program Files (x86)\ManageEngine\UEMS_Agent\logs\DCAgentService.log shows the expected Central Server/DS as the communication target.","No GUI shown; install completes silently. Architecture recorded. Machine shows Active in console under the correct office. Service ""ManageEngine UEMS Agent Service"" RUNNING with Start=2. Registry keys populated with correct ServerName (Central Server IP for Local/Direct, DS IP for Remote-via-DS). Install directory and sub-folders present for the architecture. Process DCAgentService.exe running. DCAgentService.log confirms communication target.",C:\Program Files (x86)\ManageEngine\UEMS_Agent\logs\DCAgentService.log; HKLM\SOFTWARE\WOW6432Node\AdventNet\DesktopCentral\DCAgent\\; C:\Program Files (x86)\ManageEngine\UEMS_Agent\\; Windows Services (services.msc); UEMS console SoM page (browser),windows,Windows 11 (x64),P1,Success / Happy Path,Local Office.,,,,
TC-AGENTINSTALL-SILENTINSTALL-002,Agent Installation,SILENTINSTALL,Silent EXE install - Remote Office via DS,Clean target. <RemoteOfficeName>_Agent.exe copied. DS Active and replicated.,"1. Elevated cmd; run <RemoteOfficeName>_Agent.exe /silent. [run_bat arguments=/silent]
1. Record target architecture: run `wmic os get osarchitecture` (use $env:PROCESSOR_ARCHITECTURE for ARM64). [run_command]
2. In UEMS console (Agent > Scope of Management > Computers) confirm the machine is listed under the correct office with remark ""Agent Installed successfully"" / status Active. [Qengine browser]
3. Verify service ""ManageEngine UEMS Agent Service"" exists and is RUNNING. [service_actions: status -> running]
4. Verify startup type Automatic: HKLM\SOFTWARE\WOW6432Node\AdventNet\DesktopCentral\DCAgent\\..\SYSTEM\CurrentControlSet\Services\DCAgent -> Start = 2. [registry_operation: read_key]
5. Verify registry keys ServerName, ServerPort, AgentVersion, InstallDir under HKLM\SOFTWARE\WOW6432Node\AdventNet\DesktopCentral\DCAgent\\ (x86 uses HKLM\SOFTWARE\AdventNet\DesktopCentral\DCAgent\\). [registry_operation: read_key]
6. Verify install dir C:\Program Files (x86)\ManageEngine\UEMS_Agent\\ exists with bin\, conf\, logs\ subfolders (x86 uses C:\Program Files\ManageEngine\UEMS_Agent\\). [file_folder_operation: check_presence]
7. Verify process DCAgentService.exe is running. [task_manager: verify_process]
8. Verify C:\Program Files (x86)\ManageEngine\UEMS_Agent\logs\DCAgentService.log shows the expected Central Server/DS as the communication target.",Silent install completes; ServerName = DS IP; listed under Remote Office.,C:\Program Files (x86)\ManageEngine\UEMS_Agent\logs\DCAgentService.log; HKLM\SOFTWARE\WOW6432Node\AdventNet\DesktopCentral\DCAgent\\; C:\Program Files (x86)\ManageEngine\UEMS_Agent\\; Windows Services (services.msc); UEMS console SoM page (browser),windows,Windows 11 (x64),P2,Cross-Environment,Remote Office (via DS).,,,,
TC-AGENTINSTALL-SILENTINSTALL-003,Agent Installation,SILENTINSTALL,Silent EXE install - x86,Clean 32-bit target. EXE copied.,"1. Run <OfficeName>_Agent.exe /silent (elevated). [run_bat]
2. Verify dir C:\Program Files\ManageEngine\UEMS_Agent\\ and hive HKLM\SOFTWARE\AdventNet\DesktopCentral\DCAgent\\. [file_folder_operation/registry_operation]",Silent install to C:\Program Files\ManageEngine\UEMS_Agent\\ with direct registry hive; service RUNNING.,C:\Program Files (x86)\ManageEngine\UEMS_Agent\logs\DCAgentService.log; HKLM\SOFTWARE\WOW6432Node\AdventNet\DesktopCentral\DCAgent\\; C:\Program Files (x86)\ManageEngine\UEMS_Agent\\; Windows Services (services.msc); UEMS console SoM page (browser),windows,Windows 10 (x86),P2,Cross-Environment,,,,,
TC-AGENTINSTALL-SILENTINSTALL-004,Agent Installation,SILENTINSTALL,Silent EXE install without admin rights,Clean target. Standard user.,"1. As standard user, run <OfficeName>_Agent.exe /silent. [run_bat]
2. Observe.",Install fails with a permission error; agent not installed.,cmd output,windows,Windows 11 (x64),P2,Security / Permission,FAILURE SCENARIO,,,,
TC-AGENTINSTALL-SILENTINSTALL-005,Agent Installation,SILENTINSTALL,Silent EXE install with wrong argument,Clean target. EXE copied.,"1. Run <OfficeName>_Agent.exe with an invalid argument. [run_bat]
2. Observe.",Installer errors or ignores the bad argument without producing a broken install.,cmd output,windows,Windows 11 (x64),P3,Negative Cases,,,,,
TC-AGENTINSTALL-SILENTINSTALL-006,Agent Installation,SILENTINSTALL,Silent EXE install with corrupt executable,Clean target. Corrupt EXE.,"1. Run the corrupt EXE with /silent. [run_bat]
2. Observe.",Install fails; no agent service/registry created.,cmd output; HKLM\SOFTWARE\WOW6432Node\AdventNet\DesktopCentral\DCAgent\\,windows,Windows 11 (x64),P2,Negative Cases,FAILURE SCENARIO,,,,
TC-AGENTINSTALL-SILENTINSTALL-007,Agent Installation,SILENTINSTALL,EXE installer returns success without proper error code (OSD impact),OSD/scripted deployment that relies on installer exit codes.,"1. Force a failure condition for the EXE installer (e.g., precondition not met). [run_bat]
2. Capture the process exit code (%ERRORLEVEL%).
3. Compare against the MSI installer's exit code for the same failure.","EXE installer should return a proper non-zero error code on failure (matching MSI behavior), so OSD deployment does not treat a failed install as success.",cmd %ERRORLEVEL%; OSD deployment logs; C:\Program Files (x86)\ManageEngine\UEMS_Agent\logs\DCAgentService.log,windows,Windows 11 (x64),P1,Integration,SUPPORT TICKET: EXE-no-error-codes-OSD. BUG SCENARIO.,,,,EXE exit code
TC-AGENTINSTALL-SILENTINSTALL-008,Agent Installation,SILENTINSTALL,Silent EXE deployed via GPO,Domain with a GPO startup/software-install policy configured for the agent EXE.,"1. Configure GPO to run the silent EXE on target machines. [manual/Qengine]
2. Apply policy / reboot or gpupdate. [run_command]
1. Record target architecture: run `wmic os get osarchitecture` (use $env:PROCESSOR_ARCHITECTURE for ARM64). [run_command]
2. In UEMS console (Agent > Scope of Management > Computers) confirm the machine is listed under the correct office with remark ""Agent Installed successfully"" / status Active. [Qengine browser]
3. Verify service ""ManageEngine UEMS Agent Service"" exists and is RUNNING. [service_actions: status -> running]
4. Verify startup type Automatic: HKLM\SOFTWARE\WOW6432Node\AdventNet\DesktopCentral\DCAgent\\..\SYSTEM\CurrentControlSet\Services\DCAgent -> Start = 2. [registry_operation: read_key]
5. Verify registry keys ServerName, ServerPort, AgentVersion, InstallDir under HKLM\SOFTWARE\WOW6432Node\AdventNet\DesktopCentral\DCAgent\\ (x86 uses HKLM\SOFTWARE\AdventNet\DesktopCentral\DCAgent\\). [registry_operation: read_key]
6. Verify install dir C:\Program Files (x86)\ManageEngine\UEMS_Agent\\ exists with bin\, conf\, logs\ subfolders (x86 uses C:\Program Files\ManageEngine\UEMS_Agent\\). [file_folder_operation: check_presence]
7. Verify process DCAgentService.exe is running. [task_manager: verify_process]
8. Verify C:\Program Files (x86)\ManageEngine\UEMS_Agent\logs\DCAgentService.log shows the expected Central Server/DS as the communication target.","Agent installs silently via GPO on policy application. Architecture recorded. Machine shows Active in console under the correct office. Service ""ManageEngine UEMS Agent Service"" RUNNING with Start=2. Registry keys populated with correct ServerName (Central Server IP for Local/Direct, DS IP for Remote-via-DS). Install directory and sub-folders present for the architecture. Process DCAgentService.exe running. DCAgentService.log confirms communication target.",C:\Program Files (x86)\ManageEngine\UEMS_Agent\logs\DCAgentService.log; HKLM\SOFTWARE\WOW6432Node\AdventNet\DesktopCentral\DCAgent\\; C:\Program Files (x86)\ManageEngine\UEMS_Agent\\; Windows Services (services.msc); UEMS console SoM page (browser); GPO results (gpresult),windows,Windows 11 (x64),P2,Integration,GPO method.,,,,
TC-AGENTINSTALL-SILENTINSTALL-009,Agent Installation,SILENTINSTALL,Silent EXE deployed via OSD image,OS Deployment image including the agent silent EXE step.,"1. Build/deploy an OSD image that runs the silent EXE during provisioning. [manual]
2. Complete imaging; boot the machine.
3. Validate agent. 1. Record target architecture: run `wmic os get osarchitecture` (use $env:PROCESSOR_ARCHITECTURE for ARM64). [run_command]",Agent present and Active after OSD provisioning; correct office/server registration.,C:\Program Files (x86)\ManageEngine\UEMS_Agent\logs\DCAgentService.log; HKLM\SOFTWARE\WOW6432Node\AdventNet\DesktopCentral\DCAgent\\; C:\Program Files (x86)\ManageEngine\UEMS_Agent\\; Windows Services (services.msc); UEMS console SoM page (browser),windows,Windows 11 (x64),P2,Integration,OSD deployment.,,,,
TC-AGENTINSTALL-MSIINSTALL-001,Agent Installation,MSIINSTALL,MSI silent install (x64) happy path,"Clean target. MSI zip extracted (UEMSAgent.msi, UEMSAgent.mst, DMRootCA-Server.crt, DMRootCA.crt). Elevated cmd in the extracted folder.","1. Open elevated cmd in the extracted folder.
2. Run: msiexec /i ""UEMSAgent.msi"" /qn TRANSFORMS=""UEMSAgent.mst"" ENABLESILENT=yes REBOOT=ReallySuppress INSTALLSOURCE=Manual SERVER_ROOT_CRT=""%cd%\DMRootCA-Server.crt"" DS_ROOT_CRT=""%cd%\DMRootCA.crt"" /lv ""Agentinstalllog.txt"" [run_command]
3. Confirm Agentinstalllog.txt is created in the current directory.
1. Record target architecture: run `wmic os get osarchitecture` (use $env:PROCESSOR_ARCHITECTURE for ARM64). [run_command]
2. In UEMS console (Agent > Scope of Management > Computers) confirm the machine is listed under the correct office with remark ""Agent Installed successfully"" / status Active. [Qengine browser]
3. Verify service ""ManageEngine UEMS Agent Service"" exists and is RUNNING. [service_actions: status -> running]
4. Verify startup type Automatic: HKLM\SOFTWARE\WOW6432Node\AdventNet\DesktopCentral\DCAgent\\..\SYSTEM\CurrentControlSet\Services\DCAgent -> Start = 2. [registry_operation: read_key]
5. Verify registry keys ServerName, ServerPort, AgentVersion, InstallDir under HKLM\SOFTWARE\WOW6432Node\AdventNet\DesktopCentral\DCAgent\\ (x86 uses HKLM\SOFTWARE\AdventNet\DesktopCentral\DCAgent\\). [registry_operation: read_key]
6. Verify install dir C:\Program Files (x86)\ManageEngine\UEMS_Agent\\ exists with bin\, conf\, logs\ subfolders (x86 uses C:\Program Files\ManageEngine\UEMS_Agent\\). [file_folder_operation: check_presence]
7. Verify process DCAgentService.exe is running. [task_manager: verify_process]
8. Verify C:\Program Files (x86)\ManageEngine\UEMS_Agent\logs\DCAgentService.log shows the expected Central Server/DS as the communication target.","MSI installs silently; Agentinstalllog.txt created. Architecture recorded. Machine shows Active in console under the correct office. Service ""ManageEngine UEMS Agent Service"" RUNNING with Start=2. Registry keys populated with correct ServerName (Central Server IP for Local/Direct, DS IP for Remote-via-DS). Install directory and sub-folders present for the architecture. Process DCAgentService.exe running. DCAgentService.log confirms communication target.",C:\Program Files (x86)\ManageEngine\UEMS_Agent\logs\DCAgentService.log; HKLM\SOFTWARE\WOW6432Node\AdventNet\DesktopCentral\DCAgent\\; C:\Program Files (x86)\ManageEngine\UEMS_Agent\\; Windows Services (services.msc); UEMS console SoM page (browser); Agentinstalllog.txt,windows,Windows 11 (x64),P1,Success / Happy Path,Command identical for builds below and above 10.1.2220.1.,,,,
TC-AGENTINSTALL-MSIINSTALL-002,Agent Installation,MSIINSTALL,Download MSI zip (Command Line option) from console,Console access via Qengine.,"1. Agent > Agent Installation > Other Methods > Download Agent (Command Line option). [Qengine browser]
2. Download the zip; verify it completes and is not corrupted.",MSI zip downloads successfully.,Browser download folder,windows,Windows 11 (x64),P2,Success / Happy Path,Browser step - Qengine owned.,,,,
TC-AGENTINSTALL-MSIINSTALL-003,Agent Installation,MSIINSTALL,Unzip MSI package and verify all required files present,MSI zip on target.,"1. Extract the zip on the target. [file_folder_operation]
2. Verify presence of UEMSAgent.msi, UEMSAgent.mst, DMRootCA-Server.crt, DMRootCA.crt. [file_folder_operation: check_presence]",All four files extracted and present.,Extracted folder listing,windows,Windows 11 (x64),P2,Success / Happy Path,,,,,
TC-AGENTINSTALL-MSIINSTALL-004,Agent Installation,MSIINSTALL,MSI silent install - Remote Office via DS,Clean target; MSI extracted; transform carries Remote Office/DS config. DS Active.,"1. Run the msiexec command (above) in the extracted folder. [run_command]
1. Record target architecture: run `wmic os get osarchitecture` (use $env:PROCESSOR_ARCHITECTURE for ARM64). [run_command]
2. In UEMS console (Agent > Scope of Management > Computers) confirm the machine is listed under the correct office with remark ""Agent Installed successfully"" / status Active. [Qengine browser]
3. Verify service ""ManageEngine UEMS Agent Service"" exists and is RUNNING. [service_actions: status -> running]
4. Verify startup type Automatic: HKLM\SOFTWARE\WOW6432Node\AdventNet\DesktopCentral\DCAgent\\..\SYSTEM\CurrentControlSet\Services\DCAgent -> Start = 2. [registry_operation: read_key]
5. Verify registry keys ServerName, ServerPort, AgentVersion, InstallDir under HKLM\SOFTWARE\WOW6432Node\AdventNet\DesktopCentral\DCAgent\\ (x86 uses HKLM\SOFTWARE\AdventNet\DesktopCentral\DCAgent\\). [registry_operation: read_key]
6. Verify install dir C:\Program Files (x86)\ManageEngine\UEMS_Agent\\ exists with bin\, conf\, logs\ subfolders (x86 uses C:\Program Files\ManageEngine\UEMS_Agent\\). [file_folder_operation: check_presence]
7. Verify process DCAgentService.exe is running. [task_manager: verify_process]
8. Verify C:\Program Files (x86)\ManageEngine\UEMS_Agent\logs\DCAgentService.log shows the expected Central Server/DS as the communication target.",MSI install completes; ServerName = DS IP; listed under Remote Office.,C:\Program Files (x86)\ManageEngine\UEMS_Agent\logs\DCAgentService.log; HKLM\SOFTWARE\WOW6432Node\AdventNet\DesktopCentral\DCAgent\\; C:\Program Files (x86)\ManageEngine\UEMS_Agent\\; Windows Services (services.msc); UEMS console SoM page (browser); Agentinstalllog.txt,windows,Windows 11 (x64),P2,Cross-Environment,Remote Office (via DS).,,,,
TC-AGENTINSTALL-MSIINSTALL-005,Agent Installation,MSIINSTALL,MSI install fails when UEMSAgent.mst is missing,Extracted folder with UEMSAgent.mst deleted/absent.,"1. Remove UEMSAgent.mst from the extracted folder. [file_folder_operation]
2. Run the msiexec command. [run_command]
3. Observe.","Install fails with ""Error applying transforms"". No agent installed.",Agentinstalllog.txt,windows,Windows 11 (x64),P1,Negative Cases,Per KNOWLEDGE: missing .mst -> Error applying transforms. FAILURE SCENARIO,,,,
TC-AGENTINSTALL-MSIINSTALL-006,Agent Installation,MSIINSTALL,MSI install fails / cert validation when .crt files missing,Extracted folder with DMRootCA-Server.crt and/or DMRootCA.crt absent.,"1. Remove the .crt file(s). [file_folder_operation]
2. Run the msiexec command. [run_command]
3. Observe.",Certificate validation fails; agent does not register correctly / install fails.,Agentinstalllog.txt; C:\Program Files (x86)\ManageEngine\UEMS_Agent\logs\DCAgentService.log,windows,Windows 11 (x64),P2,Negative Cases,FAILURE SCENARIO,,,,
TC-AGENTINSTALL-MSIINSTALL-007,Agent Installation,MSIINSTALL,MSI install with corrupt zip,A corrupt MSI zip.,"1. Attempt to unzip the corrupt zip. [file_folder_operation]
2. Observe.",Unzip fails; install cannot proceed.,Unzip tool output,windows,Windows 11 (x64),P2,Negative Cases,FAILURE SCENARIO,,,,
TC-AGENTINSTALL-MSIINSTALL-008,Agent Installation,MSIINSTALL,MSI install without administrator rights,Clean target; standard user.,"1. As standard user run the msiexec command. [run_command]
2. Observe.",Install blocked by permission/elevation error.,Agentinstalllog.txt,windows,Windows 11 (x64),P2,Security / Permission,FAILURE SCENARIO,,,,
TC-AGENTINSTALL-MSIINSTALL-009,Agent Installation,MSIINSTALL,Interrupt MSI install mid-way - rollback,Clean target; MSI extracted.,"1. Start the MSI install. [run_command]
2. Cancel / kill msiexec mid-installation. [task_manager]
3. Inspect machine state.","MSI rolls back cleanly; no partial install (service absent, registry/install dir not left half-written).",Agentinstalllog.txt; HKLM\SOFTWARE\WOW6432Node\AdventNet\DesktopCentral\DCAgent\\; C:\Program Files (x86)\ManageEngine\UEMS_Agent\\,windows,Windows 11 (x64),P2,State Transition,,,,,
TC-AGENTINSTALL-MSIINSTALL-010,Agent Installation,MSIINSTALL,Machine restarts mid-install - MSI gets reverted,Clean target; MSI extracted.,"1. Start the MSI install. [run_command]
2. Force a restart of the target during installation. [run_command: shutdown /r]
3. After reboot, inspect state and re-run install.",Reproduce MSI revert on mid-install restart; confirm the machine is left in a consistent state and a clean re-install succeeds.,Agentinstalllog.txt; C:\Program Files (x86)\ManageEngine\UEMS_Agent\logs\DCAgentService.log,windows,Windows 11 (x64),P1,Support Ticket Scenario,SUPPORT TICKET: restart-mid-install-MSI-reverted.,,,,Restart mid-install
TC-AGENTINSTALL-MSIINSTALL-011,Agent Installation,MSIINSTALL,MSI install stuck for a long time,Clean target; MSI extracted.,"1. Start the MSI install. [run_command]
2. Monitor duration against an expected threshold.
3. If it hangs, capture msiexec state and Agentinstalllog.txt.","Reproduce the long-hang; confirm whether install eventually completes or times out, and that the fix prevents the indefinite stall.",Agentinstalllog.txt; Task Manager (msiexec),windows,Windows 11 (x64),P2,Timing / Timeout,SUPPORT TICKET: msi-stuck-long-time.,,,,MSI stuck
TC-AGENTINSTALL-MSIINSTALL-012,Agent Installation,MSIINSTALL,All MSI installs fail due to corrupted Windows Installer engine,"Target whose Windows Installer (msiexec) subsystem is corrupted (affects all MSI apps, not just the agent).","1. On a target with a corrupted MSI engine, run the agent msiexec command. [run_command]
2. Confirm other MSI installs also fail.
3. Repair the MSI engine and retry.",Reproduce environment-level MSI failure; confirm agent install fails for the same reason and succeeds after the MSI engine is repaired.,Agentinstalllog.txt; Windows Installer logs,windows,Windows 11 (x64),P2,Failure / Error Handling,SUPPORT TICKET: msiexec-corrupted-environment.,,,,MSI engine corrupt
TC-AGENTINSTALL-MSIINSTALL-013,Agent Installation,MSIINSTALL,Crash after decrypting Agent-settings.xml (heap corruption),Upgrade/install path that decrypts Agent-settings.xml.,"1. Run the install/upgrade that decrypts Agent-settings.xml. [run_command]
2. Monitor for crash / heap corruption after decryption.",Decryption of Agent-settings.xml completes without heap corruption or crash.,Agent-settings.xml; installer log; Event Viewer,windows,Windows 11 (x64),P1,Bug Scenario,BUG SCENARIO: heap corruption after Decrypt Agent-settings.xml.,,,,Decrypt heap
TC-AGENTINSTALL-MSIINSTALL-014,Agent Installation,MSIINSTALL,Verify Agentinstalllog.txt troubleshooting log generated,MSI install performed.,"1. Run the msiexec command with /lv ""Agentinstalllog.txt"". [run_command]
2. Confirm Agentinstalllog.txt exists in the working directory and contains install steps.",Verbose log Agentinstalllog.txt is created in the current directory.,Agentinstalllog.txt,windows,Windows 11 (x64),P3,Edge Cases,,,,,
TC-AGENTINSTALL-MSIINSTALL-015,Agent Installation,MSIINSTALL,MSI install - x86,Clean 32-bit target; MSI extracted.,"1. Run the msiexec command (elevated). [run_command]
2. Verify dir C:\Program Files\ManageEngine\UEMS_Agent\\ and hive HKLM\SOFTWARE\AdventNet\DesktopCentral\DCAgent\\.",MSI install to C:\Program Files\ManageEngine\UEMS_Agent\\ with direct registry hive; service RUNNING.,C:\Program Files (x86)\ManageEngine\UEMS_Agent\logs\DCAgentService.log; HKLM\SOFTWARE\WOW6432Node\AdventNet\DesktopCentral\DCAgent\\; C:\Program Files (x86)\ManageEngine\UEMS_Agent\\; Windows Services (services.msc); UEMS console SoM page (browser),windows,Windows 10 (x86),P2,Cross-Environment,,,,,
TC-AGENTINSTALL-MSIINSTALL-016,Agent Installation,MSIINSTALL,Power failure during install - partial write recovery,Clean target; MSI extracted.,"1. Start the MSI install. [run_command]
2. Simulate a power loss mid-write (hard power off). [manual]
3. Reboot and inspect state; re-run install.",No corrupt half-installed state survives; a clean re-install succeeds afterward.,Agentinstalllog.txt; HKLM\SOFTWARE\WOW6432Node\AdventNet\DesktopCentral\DCAgent\\; C:\Program Files (x86)\ManageEngine\UEMS_Agent\\,windows,Windows 11 (x64),P3,Rare / Unlikely,RARE SCENARIO,,,,
TC-AGENTINSTALL-ZIPINSTALL-001,Agent Installation,ZIPINSTALL,Zip setup.bat install - Local Office (x64) happy path,Clean target. <OfficeName>_Agent.zip copied to target. Elevated cmd.,"1. Extract <OfficeName>_Agent.zip to e.g. C:\Installers\ZipExtract\. [file_folder_operation]
2. Open elevated cmd; cd to the extracted folder.
3. Run: setup.bat [run_bat]
1. Record target architecture: run `wmic os get osarchitecture` (use $env:PROCESSOR_ARCHITECTURE for ARM64). [run_command]
2. In UEMS console (Agent > Scope of Management > Computers) confirm the machine is listed under the correct office with remark ""Agent Installed successfully"" / status Active. [Qengine browser]
3. Verify service ""ManageEngine UEMS Agent Service"" exists and is RUNNING. [service_actions: status -> running]
4. Verify startup type Automatic: HKLM\SOFTWARE\WOW6432Node\AdventNet\DesktopCentral\DCAgent\\..\SYSTEM\CurrentControlSet\Services\DCAgent -> Start = 2. [registry_operation: read_key]
5. Verify registry keys ServerName, ServerPort, AgentVersion, InstallDir under HKLM\SOFTWARE\WOW6432Node\AdventNet\DesktopCentral\DCAgent\\ (x86 uses HKLM\SOFTWARE\AdventNet\DesktopCentral\DCAgent\\). [registry_operation: read_key]
6. Verify install dir C:\Program Files (x86)\ManageEngine\UEMS_Agent\\ exists with bin\, conf\, logs\ subfolders (x86 uses C:\Program Files\ManageEngine\UEMS_Agent\\). [file_folder_operation: check_presence]
7. Verify process DCAgentService.exe is running. [task_manager: verify_process]
8. Verify C:\Program Files (x86)\ManageEngine\UEMS_Agent\logs\DCAgentService.log shows the expected Central Server/DS as the communication target.","setup.bat installs the agent silently with embedded config. Architecture recorded. Machine shows Active in console under the correct office. Service ""ManageEngine UEMS Agent Service"" RUNNING with Start=2. Registry keys populated with correct ServerName (Central Server IP for Local/Direct, DS IP for Remote-via-DS). Install directory and sub-folders present for the architecture. Process DCAgentService.exe running. DCAgentService.log confirms communication target.",C:\Program Files (x86)\ManageEngine\UEMS_Agent\logs\DCAgentService.log; HKLM\SOFTWARE\WOW6432Node\AdventNet\DesktopCentral\DCAgent\\; C:\Program Files (x86)\ManageEngine\UEMS_Agent\\; Windows Services (services.msc); UEMS console SoM page (browser),windows,Windows 11 (x64),P1,Success / Happy Path,Primary recommended zip method.,,,,
TC-AGENTINSTALL-ZIPINSTALL-002,Agent Installation,ZIPINSTALL,Zip setup.bat install - Remote Office via DS,Clean target. <RemoteOfficeName>_Agent.zip copied. DS Active and replicated.,"1. Extract and run setup.bat (elevated). [run_bat]
1. Record target architecture: run `wmic os get osarchitecture` (use $env:PROCESSOR_ARCHITECTURE for ARM64). [run_command]
2. In UEMS console (Agent > Scope of Management > Computers) confirm the machine is listed under the correct office with remark ""Agent Installed successfully"" / status Active. [Qengine browser]
3. Verify service ""ManageEngine UEMS Agent Service"" exists and is RUNNING. [service_actions: status -> running]
4. Verify startup type Automatic: HKLM\SOFTWARE\WOW6432Node\AdventNet\DesktopCentral\DCAgent\\..\SYSTEM\CurrentControlSet\Services\DCAgent -> Start = 2. [registry_operation: read_key]
5. Verify registry keys ServerName, ServerPort, AgentVersion, InstallDir under HKLM\SOFTWARE\WOW6432Node\AdventNet\DesktopCentral\DCAgent\\ (x86 uses HKLM\SOFTWARE\AdventNet\DesktopCentral\DCAgent\\). [registry_operation: read_key]
6. Verify install dir C:\Program Files (x86)\ManageEngine\UEMS_Agent\\ exists with bin\, conf\, logs\ subfolders (x86 uses C:\Program Files\ManageEngine\UEMS_Agent\\). [file_folder_operation: check_presence]
7. Verify process DCAgentService.exe is running. [task_manager: verify_process]
8. Verify C:\Program Files (x86)\ManageEngine\UEMS_Agent\logs\DCAgentService.log shows the expected Central Server/DS as the communication target.",Install completes; ServerName = DS IP; listed under Remote Office.,C:\Program Files (x86)\ManageEngine\UEMS_Agent\logs\DCAgentService.log; HKLM\SOFTWARE\WOW6432Node\AdventNet\DesktopCentral\DCAgent\\; C:\Program Files (x86)\ManageEngine\UEMS_Agent\\; Windows Services (services.msc); UEMS console SoM page (browser),windows,Windows 11 (x64),P2,Cross-Environment,Remote Office (via DS).,,,,
TC-AGENTINSTALL-ZIPINSTALL-003,Agent Installation,ZIPINSTALL,Download agent zip from Agent Installation tab,Console access via Qengine.,"1. Agent > Agent Installation tab > Download Agent; click the office name. [Qengine browser]
2. Verify <OfficeName>_Agent.zip downloads completely.",Zip downloads successfully.,Browser download folder,windows,Windows 11 (x64),P2,Success / Happy Path,Browser step - Qengine owned.,,,,
TC-AGENTINSTALL-ZIPINSTALL-004,Agent Installation,ZIPINSTALL,Zip install fails when UEMSAgent.mst missing from extracted folder,Extracted zip folder with UEMSAgent.mst removed.,"1. Delete UEMSAgent.mst from the extracted folder. [file_folder_operation]
2. Run setup.bat. [run_bat]
3. Observe.","Install fails with ""Error applying transforms"".",setup.bat output; Agentinstalllog.txt,windows,Windows 11 (x64),P2,Negative Cases,Per KNOWLEDGE: missing .mst -> transforms error.,,,,
TC-AGENTINSTALL-ZIPINSTALL-005,Agent Installation,ZIPINSTALL,Zip install - missing .crt files cause cert validation failure,Extracted folder with DMRootCA-Server.crt / DMRootCA.crt removed.,"1. Remove the .crt file(s). [file_folder_operation]
2. Run setup.bat. [run_bat]
3. Observe.",Certificate validation fails; agent does not register correctly.,setup.bat output; C:\Program Files (x86)\ManageEngine\UEMS_Agent\logs\DCAgentService.log,windows,Windows 11 (x64),P2,Negative Cases,FAILURE SCENARIO,,,,
TC-AGENTINSTALL-ZIPINSTALL-006,Agent Installation,ZIPINSTALL,Zip alternate method - GUI EXE from extracted zip,Extracted zip folder on clean target.,"1. Run <OfficeName>_Agent.exe from the extracted folder and follow the wizard. [native_gui_operation - same automationIds as MANUALGUI]
2. Validate post-install. 1. Record target architecture: run `wmic os get osarchitecture` (use $env:PROCESSOR_ARCHITECTURE for ARM64). [run_command]",GUI wizard completes; agent installed. Same automationIds as manual install apply.,C:\Program Files (x86)\ManageEngine\UEMS_Agent\logs\DCAgentService.log; HKLM\SOFTWARE\WOW6432Node\AdventNet\DesktopCentral\DCAgent\\; C:\Program Files (x86)\ManageEngine\UEMS_Agent\\; Windows Services (services.msc); UEMS console SoM page (browser),windows,Windows 11 (x64),P3,Success / Happy Path,Alternate zip method.,,,,
TC-AGENTINSTALL-ZIPINSTALL-007,Agent Installation,ZIPINSTALL,Zip alternate method - silent EXE from extracted zip,Extracted zip folder on clean target.,"1. Run <OfficeName>_Agent.exe /silent from the extracted folder. [run_bat arguments=/silent]
1. Record target architecture: run `wmic os get osarchitecture` (use $env:PROCESSOR_ARCHITECTURE for ARM64). [run_command]
2. In UEMS console (Agent > Scope of Management > Computers) confirm the machine is listed under the correct office with remark ""Agent Installed successfully"" / status Active. [Qengine browser]
3. Verify service ""ManageEngine UEMS Agent Service"" exists and is RUNNING. [service_actions: status -> running]
4. Verify startup type Automatic: HKLM\SOFTWARE\WOW6432Node\AdventNet\DesktopCentral\DCAgent\\..\SYSTEM\CurrentControlSet\Services\DCAgent -> Start = 2. [registry_operation: read_key]
5. Verify registry keys ServerName, ServerPort, AgentVersion, InstallDir under HKLM\SOFTWARE\WOW6432Node\AdventNet\DesktopCentral\DCAgent\\ (x86 uses HKLM\SOFTWARE\AdventNet\DesktopCentral\DCAgent\\). [registry_operation: read_key]
6. Verify install dir C:\Program Files (x86)\ManageEngine\UEMS_Agent\\ exists with bin\, conf\, logs\ subfolders (x86 uses C:\Program Files\ManageEngine\UEMS_Agent\\). [file_folder_operation: check_presence]
7. Verify process DCAgentService.exe is running. [task_manager: verify_process]
8. Verify C:\Program Files (x86)\ManageEngine\UEMS_Agent\logs\DCAgentService.log shows the expected Central Server/DS as the communication target.","Silent install completes; Architecture recorded. Machine shows Active in console under the correct office. Service ""ManageEngine UEMS Agent Service"" RUNNING with Start=2. Registry keys populated with correct ServerName (Central Server IP for Local/Direct, DS IP for Remote-via-DS). Install directory and sub-folders present for the architecture. Process DCAgentService.exe running. DCAgentService.log confirms communication target.",C:\Program Files (x86)\ManageEngine\UEMS_Agent\logs\DCAgentService.log; HKLM\SOFTWARE\WOW6432Node\AdventNet\DesktopCentral\DCAgent\\; C:\Program Files (x86)\ManageEngine\UEMS_Agent\\; Windows Services (services.msc); UEMS console SoM page (browser),windows,Windows 11 (x64),P3,Success / Happy Path,Alternate zip method.,,,,
TC-AGENTINSTALL-ZIPINSTALL-008,Agent Installation,ZIPINSTALL,Zip install with disk full / low disk space,Target with insufficient free disk space for extraction/install.,"1. Reduce free disk space below the install footprint. [manual]
2. Extract zip / run setup.bat. [run_bat]
3. Observe.",Install fails gracefully with a disk-space error; no corrupt partial install.,setup.bat output; Agentinstalllog.txt,windows,Windows 11 (x64),P2,Resource Exhaustion,,,,,
TC-AGENTINSTALL-ZIPINSTALL-009,Agent Installation,ZIPINSTALL,Zip extract to path with Unicode / very long path,Clean target; zip available.,"1. Extract the zip to a path containing Unicode characters and/or exceeding 260 chars. [file_folder_operation]
2. Run setup.bat. [run_bat]
3. Observe.",Install either succeeds with the long/Unicode path or fails with a clear path-length error - never silently misbehaves.,setup.bat output,windows,Windows 11 (x64),P3,Edge Cases,,,,,
TC-AGENTINSTALL-DSINSTALL-001,Agent Installation,DSINSTALL,Manual DS install on a remote office machine - happy path,Remote office machine with a static IP. DS installer downloaded from Remote Offices tab.,"1. Console: Agent > Scope of Management > Remote Offices > Download Distribution Server icon for the office. [Qengine browser]
2. Copy installer to the DS machine. [file_folder_operation]
3. Run the DS installer; select the DS files folder; follow prompts. [exe_install / run_bat]
1. Verify service ""ManageEngine UEMS Distribution Server"" is RUNNING. [service_actions: status]
2. In console (Agent > Scope of Management > Remote Offices) confirm DS status = Active. [Qengine browser]
3. Verify DS directory C:\Program Files (x86)\ManageEngine\UEMS_DS\\ exists. [file_folder_operation: check_presence]
4. Verify replication: DS logs show patches/software synced from Central Server.
5. Verify HTTPS connectivity DS <-> Central Server (proxy if applicable).",DS installs; service RUNNING; status Active in console; replication working.,C:\Program Files (x86)\ManageEngine\UEMS_DS\\; DS replication logs; UEMS console Remote Offices page,windows,Windows 11 (x64),P1,Success / Happy Path,One DS per remote office. Static IP required.,,,,
TC-AGENTINSTALL-DSINSTALL-002,Agent Installation,DSINSTALL,Automatic DS install (push from console),Remote office being added/modified. Domain admin credentials for the DS target.,"1. While adding/modifying the remote office, check ""Install Distribution Server automatically"". [Qengine browser]
2. Provide domain admin credentials. [Qengine browser]
3. Save the remote office to trigger DS install (or Actions > Install DS). [Qengine browser]
1. Verify service ""ManageEngine UEMS Distribution Server"" is RUNNING. [service_actions: status]
2. In console (Agent > Scope of Management > Remote Offices) confirm DS status = Active. [Qengine browser]
3. Verify DS directory C:\Program Files (x86)\ManageEngine\UEMS_DS\\ exists. [file_folder_operation: check_presence]
4. Verify replication: DS logs show patches/software synced from Central Server.
5. Verify HTTPS connectivity DS <-> Central Server (proxy if applicable).",DS auto-installs on save; service RUNNING; Active in console.,C:\Program Files (x86)\ManageEngine\UEMS_DS\\; DS replication logs,windows,Windows 11 (x64),P1,Success / Happy Path,Automatic DS push.,,,,
TC-AGENTINSTALL-DSINSTALL-003,Agent Installation,DSINSTALL,DS post-install verification,DS just installed.,"1. Verify service ""ManageEngine UEMS Distribution Server"" is RUNNING. [service_actions: status]
2. In console (Agent > Scope of Management > Remote Offices) confirm DS status = Active. [Qengine browser]
3. Verify DS directory C:\Program Files (x86)\ManageEngine\UEMS_DS\\ exists. [file_folder_operation: check_presence]
4. Verify replication: DS logs show patches/software synced from Central Server.
5. Verify HTTPS connectivity DS <-> Central Server (proxy if applicable).","Service ""ManageEngine UEMS Distribution Server"" RUNNING; DS Active; directory present; replication and HTTPS OK.",C:\Program Files (x86)\ManageEngine\UEMS_DS\\; DS replication logs,windows,Windows 11 (x64),P1,Success / Happy Path,,,,,
TC-AGENTINSTALL-DSINSTALL-004,Agent Installation,DSINSTALL,DS install on a machine without a static IP,Remote office machine using DHCP (non-static IP).,"1. Install DS on a DHCP machine. [exe_install]
2. Let the IP change (renew lease).
3. Observe DS<->agent and DS<->Central Server communication.","Per KNOWLEDGE, DS requires a static IP; communication becomes unstable/broken after IP change. Document the failure mode.",DS replication logs; C:\Program Files (x86)\ManageEngine\UEMS_Agent\logs\DCAgentService.log,windows,Windows 11 (x64),P3,Negative Cases,Static IP requirement.,,,,
TC-AGENTINSTALL-DSINSTALL-005,Agent Installation,DSINSTALL,Automatic DS/WAN install when target not reachable from server (cloud/MSP),Cloud / MSP setup where endpoints are not directly reachable from the server.,"1. Configure a remote office with automatic DS/WAN install in a cloud/MSP topology. [Qengine browser]
2. Save and observe.",Automatic install does NOT proceed (devices unreachable). Console reflects that manual install is required.,UEMS console; DS logs,windows,Windows 11 (x64),P2,Negative Cases,Per KNOWLEDGE: auto WAN/DS install fails for unreachable devices.,,,,
TC-AGENTINSTALL-DSINSTALL-006,Agent Installation,DSINSTALL,DS upgrade fails with 1638 error from scheduler,DS already installed; an upgrade is scheduled.,"1. Trigger the scheduled DS upgrade. [Qengine browser / scheduler]
2. Observe the upgrade result and error code.",Reproduce the 1638 (another version already installed) failure; confirm the fix lets the scheduled DS upgrade complete.,DS upgrade/scheduler logs; Windows Installer logs,windows,Windows 11 (x64),P1,Support Ticket Scenario,SUPPORT TICKET: DS-upgrade-1638-scheduler.,,,,DS upgrade 1638
TC-AGENTINSTALL-DSINSTALL-007,Agent Installation,DSINSTALL,DS replication to remote-office agents,DS Active; agents present in the remote office.,"1. Deploy a patch/software package targeting the remote office. [Qengine browser]
2. Confirm only the DS pulls from Central Server, then serves agents.
3. Verify agents receive the package via DS.",DS pulls once from Central Server and replicates to local agents; agents do not each hit the Central Server.,DS replication logs; agent logs,windows,Windows 11 (x64),P2,Integration,,,,,
TC-AGENTINSTALL-DSINSTALL-008,Agent Installation,DSINSTALL,DS install on Windows client OS (not Server),"A Windows client OS machine (e.g., Windows 11) as DS host, static IP.","1. Install DS on the client OS machine. [exe_install]
1. Verify service ""ManageEngine UEMS Distribution Server"" is RUNNING. [service_actions: status]
2. In console (Agent > Scope of Management > Remote Offices) confirm DS status = Active. [Qengine browser]
3. Verify DS directory C:\Program Files (x86)\ManageEngine\UEMS_DS\\ exists. [file_folder_operation: check_presence]
4. Verify replication: DS logs show patches/software synced from Central Server.
5. Verify HTTPS connectivity DS <-> Central Server (proxy if applicable).",DS installs and runs on client OS (Server OS not required); service Active.,C:\Program Files (x86)\ManageEngine\UEMS_DS\\,windows,Windows 11 (x64),P3,Cross-Environment,DS supports client OS.,,,,
TC-AGENTINSTALL-WANAGENT-001,Agent Installation,WANAGENT,WAN agent automatic installation via DS,Remote office with communication = Through Distribution Server; DS contacting Central Server. Domain admin creds; devices reachable.,"1. While adding the remote office, check ""Install WAN Agent automatically"". [Qengine browser]
2. Ensure communication type = Through Distribution Server. [Qengine browser]
3. Provide domain admin credentials. [Qengine browser]
4. Wait for DS to contact Central Server; install starts automatically.
1. Record target architecture: run `wmic os get osarchitecture` (use $env:PROCESSOR_ARCHITECTURE for ARM64). [run_command]
2. In UEMS console (Agent > Scope of Management > Computers) confirm the machine is listed under the correct office with remark ""Agent Installed successfully"" / status Active. [Qengine browser]
3. Verify service ""ManageEngine UEMS Agent Service"" exists and is RUNNING. [service_actions: status -> running]
4. Verify startup type Automatic: HKLM\SOFTWARE\WOW6432Node\AdventNet\DesktopCentral\DCAgent\\..\SYSTEM\CurrentControlSet\Services\DCAgent -> Start = 2. [registry_operation: read_key]
5. Verify registry keys ServerName, ServerPort, AgentVersion, InstallDir under HKLM\SOFTWARE\WOW6432Node\AdventNet\DesktopCentral\DCAgent\\ (x86 uses HKLM\SOFTWARE\AdventNet\DesktopCentral\DCAgent\\). [registry_operation: read_key]
6. Verify install dir C:\Program Files (x86)\ManageEngine\UEMS_Agent\\ exists with bin\, conf\, logs\ subfolders (x86 uses C:\Program Files\ManageEngine\UEMS_Agent\\). [file_folder_operation: check_presence]
7. Verify process DCAgentService.exe is running. [task_manager: verify_process]
8. Verify C:\Program Files (x86)\ManageEngine\UEMS_Agent\logs\DCAgentService.log shows the expected Central Server/DS as the communication target.",WAN agent installs automatically; registers via DS (ServerName = DS IP); Active under the remote office.,C:\Program Files (x86)\ManageEngine\UEMS_Agent\logs\DCAgentService.log; HKLM\SOFTWARE\WOW6432Node\AdventNet\DesktopCentral\DCAgent\\; C:\Program Files (x86)\ManageEngine\UEMS_Agent\\; Windows Services (services.msc); UEMS console SoM page (browser),windows,Windows 11 (x64),P1,Success / Happy Path,Remote Office (via DS).,,,,
TC-AGENTINSTALL-WANAGENT-002,Agent Installation,WANAGENT,WAN agent manual installation (Windows .exe),Remote office machine. WAN agent .exe downloaded from Remote Offices tab.,"1. Console: Agent > Scope of Management > Remote Offices > Download WAN Agent icon. [Qengine browser]
2. Copy the .exe to the target and run it. [run_bat]
1. Record target architecture: run `wmic os get osarchitecture` (use $env:PROCESSOR_ARCHITECTURE for ARM64). [run_command]
2. In UEMS console (Agent > Scope of Management > Computers) confirm the machine is listed under the correct office with remark ""Agent Installed successfully"" / status Active. [Qengine browser]
3. Verify service ""ManageEngine UEMS Agent Service"" exists and is RUNNING. [service_actions: status -> running]
4. Verify startup type Automatic: HKLM\SOFTWARE\WOW6432Node\AdventNet\DesktopCentral\DCAgent\\..\SYSTEM\CurrentControlSet\Services\DCAgent -> Start = 2. [registry_operation: read_key]
5. Verify registry keys ServerName, ServerPort, AgentVersion, InstallDir under HKLM\SOFTWARE\WOW6432Node\AdventNet\DesktopCentral\DCAgent\\ (x86 uses HKLM\SOFTWARE\AdventNet\DesktopCentral\DCAgent\\). [registry_operation: read_key]
6. Verify install dir C:\Program Files (x86)\ManageEngine\UEMS_Agent\\ exists with bin\, conf\, logs\ subfolders (x86 uses C:\Program Files\ManageEngine\UEMS_Agent\\). [file_folder_operation: check_presence]
7. Verify process DCAgentService.exe is running. [task_manager: verify_process]
8. Verify C:\Program Files (x86)\ManageEngine\UEMS_Agent\logs\DCAgentService.log shows the expected Central Server/DS as the communication target.",WAN agent installs; communicates via DS; Active under remote office.,C:\Program Files (x86)\ManageEngine\UEMS_Agent\logs\DCAgentService.log; HKLM\SOFTWARE\WOW6432Node\AdventNet\DesktopCentral\DCAgent\\; C:\Program Files (x86)\ManageEngine\UEMS_Agent\\; Windows Services (services.msc); UEMS console SoM page (browser),windows,Windows 11 (x64),P1,Success / Happy Path,Manual WAN agent.,,,,
TC-AGENTINSTALL-WANAGENT-003,Agent Installation,WANAGENT,WAN agent auto install fails when devices unreachable (cloud/MSP),Cloud/MSP topology; endpoints not directly reachable from server.,"1. Enable automatic WAN agent install in an unreachable topology. [Qengine browser]
2. Observe.",Automatic WAN install does not proceed; manual install required.,UEMS console; DS logs,windows,Windows 11 (x64),P2,Negative Cases,Per KNOWLEDGE note.,,,,
TC-AGENTINSTALL-WANAGENT-004,Agent Installation,WANAGENT,Verify WAN agent communicates via DS (ServerName = DS IP),WAN agent installed in a via-DS remote office.,"1. Read registry HKLM\SOFTWARE\WOW6432Node\AdventNet\DesktopCentral\DCAgent\\ServerName. [registry_operation: read_key]
2. Inspect C:\Program Files (x86)\ManageEngine\UEMS_Agent\logs\DCAgentService.log for the communication target.",ServerName = DS IP (not Central Server); agent log shows DS as communication target.,HKLM\SOFTWARE\WOW6432Node\AdventNet\DesktopCentral\DCAgent\\; C:\Program Files (x86)\ManageEngine\UEMS_Agent\logs\DCAgentService.log,windows,Windows 11 (x64),P2,Integration,,,,,
TC-AGENTINSTALL-AGENTUNINSTALL-001,Agent Installation,AGENTUNINSTALL,Uninstall agent from server console,"A managed, Active agent on the target.","1. Console: Agent > Computers > select the computer > Uninstall Agent. [Qengine browser]
2. Wait for completion.
3. Verify removal (see cleanup verification TC).",Agent uninstalls; removed from Control Panel; service absent; process gone; registry cleaned.,UEMS console; Control Panel; Services; HKLM\SOFTWARE\WOW6432Node\AdventNet\DesktopCentral\DCAgent\\,windows,Windows 11 (x64),P1,Cleanup / Uninstall,,,,,
TC-AGENTINSTALL-AGENTUNINSTALL-002,Agent Installation,AGENTUNINSTALL,Manual uninstall via Control Panel with OTP (GUI flow),Installed agent. OTP available from console (Scope of Management > Computers > View OTP).,"1. Open Settings > Apps (or Programs and Features). [native_gui_operation]
2. Search ""UEMS-Agent"". [native_gui_operation automationId=SearchEditBox EnterText]
3. Double-click ""ManageEngine UEMS - Agent"". [native_gui_operation automationId=ListViewSubItem-0 DoubleClick]
4. Wait for Uninstall button (30s). [native_gui_operation automationId=UninstallBtn Wait]
5. Click Uninstall (triggers OTP prompt). [native_gui_operation automationId=UninstallBtn Click]
6. Enter the OTP from the console.
7. Wait for completion label (420s). [native_gui_operation automationId=SuccessUninstall Wait]
8. Read text; expected ""Agent successfully uninstalled"". [native_gui_operation automationId=SuccessUninstall ReadText]","Uninstall completes with text ""Agent successfully uninstalled""; agent fully removed.",Control Panel/Apps UI; UEMS console (View OTP),windows,Windows 11 (x64),P1,Cleanup / Uninstall,,,,,
TC-AGENTINSTALL-AGENTUNINSTALL-003,Agent Installation,AGENTUNINSTALL,Silent uninstall via DCAgent.exe /uninstall /s,Installed agent. Elevated cmd.,"1. Run: C:\Program Files (x86)\ManageEngine\UEMS_Agent\bin\\DCAgent.exe /uninstall /s [run_bat]
2. Verify removal.",Agent uninstalls silently; service/process/registry/install dir removed.,HKLM\SOFTWARE\WOW6432Node\AdventNet\DesktopCentral\DCAgent\\; C:\Program Files (x86)\ManageEngine\UEMS_Agent\\; Services,windows,Windows 11 (x64),P2,Cleanup / Uninstall,,,,,
TC-AGENTINSTALL-AGENTUNINSTALL-004,Agent Installation,AGENTUNINSTALL,Post-uninstall cleanup verification,Uninstall just completed.,"1. Verify no ""ManageEngine UEMS - Agent"" entry in Control Panel/Apps. [native_gui_operation]
2. Verify service ""ManageEngine UEMS Agent Service"" absent. [service_actions: status]
3. Verify no DCAgentService.exe process. [task_manager: verify_process]
4. Verify registry keys under HKLM\SOFTWARE\WOW6432Node\AdventNet\DesktopCentral\DCAgent\\ removed. [registry_operation: read_key]
5. Verify install dir C:\Program Files (x86)\ManageEngine\UEMS_Agent\\ removed (no leftovers). [file_folder_operation: check_presence]","No agent entry, service, process, registry keys, or install directory remain.",Control Panel; Services; Task Manager; HKLM\SOFTWARE\WOW6432Node\AdventNet\DesktopCentral\DCAgent\\; C:\Program Files (x86)\ManageEngine\UEMS_Agent\\,windows,Windows 11 (x64),P1,Cleanup / Uninstall,,,,,
TC-AGENTINSTALL-AGENTUNINSTALL-005,Agent Installation,AGENTUNINSTALL,TOTP uninstall fails - local time not in sync with server,Installed agent with TOTP uninstall protection. Target clock skewed from server.,"1. Skew the target machine clock away from the server time. [run_command]
2. Attempt TOTP uninstall using the console OTP. [native_gui_operation]
3. Observe.",Reproduce TOTP validation failure due to clock skew; confirm that syncing time allows uninstall to succeed.,Control Panel UI; UEMS console (View OTP); C:\Program Files (x86)\ManageEngine\UEMS_Agent\logs\DCAgentService.log,windows,Windows 11 (x64),P1,Support Ticket Scenario,SUPPORT TICKET: TOTP-uninstall-time-not-in-sync. TIMING SCENARIO,,,,TOTP time sync
TC-AGENTINSTALL-AGENTUNINSTALL-006,Agent Installation,AGENTUNINSTALL,Third-party tool uninstall bypasses TOTP restriction,Installed agent with TOTP/uninstall restriction enabled.,"1. Enable uninstall restriction (TOTP) in policy. [Qengine browser]
2. Attempt to remove the agent using a third-party uninstaller tool. [manual]
3. Observe.","With restriction enabled, third-party tools must NOT be able to remove the agent without TOTP. Confirm the bypass is blocked.",Control Panel; HKLM\SOFTWARE\WOW6432Node\AdventNet\DesktopCentral\DCAgent\\; C:\Program Files (x86)\ManageEngine\UEMS_Agent\logs\DCAgentService.log,windows,Windows 11 (x64),P1,Security / Permission,SUPPORT TICKET: third-party-uninstall-bypasses-TOTP.,,,,TOTP bypass
TC-AGENTINSTALL-AGENTUNINSTALL-007,Agent Installation,AGENTUNINSTALL,Reinstalled agents in WFA get uninstalled automatically,Agent previously uninstalled then reinstalled in a WFA scenario.,"1. Uninstall the agent, then reinstall it (WFA scenario). [run_bat]
2. Observe over the next refresh cycles whether it gets auto-uninstalled.",Reproduce the unwanted automatic uninstall after reinstall; confirm the fix keeps the reinstalled agent installed and Active.,C:\Program Files (x86)\ManageEngine\UEMS_Agent\logs\DCAgentService.log; UEMS console SoM,windows,Windows 11 (x64),P2,State Transition,SUPPORT TICKET: WFA-reinstall-auto-uninstall.,,,,WFA auto-uninstall
TC-AGENTINSTALL-AGENTUNINSTALL-008,Agent Installation,AGENTUNINSTALL,Manual uninstall with wrong OTP,Installed agent; uninstall initiated.,"1. Begin manual uninstall and reach the OTP prompt. [native_gui_operation]
2. Enter an incorrect OTP.
3. Observe.",Uninstall is rejected; agent remains installed and Active.,Control Panel UI; UEMS console,windows,Windows 11 (x64),P2,Negative Cases,FAILURE SCENARIO,,,,
TC-AGENTINSTALL-UPGRADE-001,Agent Installation,UPGRADE,Agent upgrade to a newer build - happy path,"Target with an older agent build, managed and Active.","1. Note current AgentVersion (HKLM\SOFTWARE\WOW6432Node\AdventNet\DesktopCentral\DCAgent\\AgentVersion). [registry_operation: read_key]
2. Trigger upgrade to a newer build (server-driven or installer). [Qengine browser / run_bat]
3. After upgrade, verify AgentVersion incremented and service RUNNING.
4. Verify config/registry retained correctly.",Agent upgrades to the new build; AgentVersion updated; service RUNNING; settings preserved.,HKLM\SOFTWARE\WOW6432Node\AdventNet\DesktopCentral\DCAgent\\; C:\Program Files (x86)\ManageEngine\UEMS_Agent\logs\DCAgentService.log,windows,Windows 11 (x64),P1,Upgrade / Migration,,,,,
TC-AGENTINSTALL-UPGRADE-002,Agent Installation,UPGRADE,Agent upgradation failure,Target with an older build; reproduce the reported upgrade failure conditions.,"1. Trigger the upgrade under the reported conditions. [run_bat]
2. Capture installer/upgrade logs and resulting state.",Reproduce the upgrade failure and root-cause it; confirm the machine is left in a usable state and the fixed build upgrades cleanly.,C:\Program Files (x86)\ManageEngine\UEMS_Agent\logs\DCAgentService.log; installer log,windows,Windows 11 (x64),P1,Support Ticket Scenario,SUPPORT TICKET: agent-upgradation-failure.,,,,Upgrade failure
TC-AGENTINSTALL-UPGRADE-003,Agent Installation,UPGRADE,Agent upgrade fails - MSI signature could not be verified,Upgrade package whose MSI signature fails verification.,"1. Attempt upgrade with the affected MSI. [run_command]
2. Observe signature verification behavior.",Reproduce the signature verification failure; confirm a properly signed MSI upgrades successfully and tampered/unsigned ones are rejected.,Agentinstalllog.txt; Event Viewer,windows,Windows 11 (x64),P1,Security / Permission,SUPPORT TICKET: upgrade-msi-signature-not-verified.,,,,MSI signature
TC-AGENTINSTALL-UPGRADE-004,Agent Installation,UPGRADE,Upgrade leaves dcagentservice.exe / dcagentregister.exe not replaced,Target with older binaries; upgrade applied.,"1. Record file versions of dcagentservice.exe and dcagentregister.exe in C:\Program Files (x86)\ManageEngine\UEMS_Agent\bin\\ before upgrade. [file_folder_operation]
2. Perform the upgrade. [run_bat]
3. Re-check the two binaries' versions after upgrade.",Reproduce the case where the two binaries are not replaced; confirm the fix replaces dcagentservice.exe and dcagentregister.exe with the new versions.,C:\Program Files (x86)\ManageEngine\UEMS_Agent\bin\\; C:\Program Files (x86)\ManageEngine\UEMS_Agent\logs\DCAgentService.log,windows,Windows 11 (x64),P1,Bug Scenario,SUPPORT TICKET: binaries-not-replaced-after-upgrade.,,,,Binaries not replaced
TC-AGENTINSTALL-UPGRADE-005,Agent Installation,UPGRADE,New install must clean up older agent registry keys,Target with leftover registry keys from a previous agent.,"1. Leave stale agent registry keys under HKLM\SOFTWARE\WOW6432Node\AdventNet\DesktopCentral\DCAgent\\. [registry_operation]
2. Perform a fresh install of the new agent. [run_bat]
3. Inspect registry for leftover/duplicate keys.","On new install, older/stale agent registry keys are cleaned up; no conflicting leftover keys remain.",HKLM\SOFTWARE\WOW6432Node\AdventNet\DesktopCentral\DCAgent\\,windows,Windows 11 (x64),P1,Cleanup / Uninstall,SUPPORT TICKET: old-registry-keys-not-cleaned.,,,,Old reg keys
TC-AGENTINSTALL-UPGRADE-006,Agent Installation,UPGRADE,SDP key not deleted after install - machine falls under SDP,Fresh install where an SDP-related key may persist in the registry.,"1. Perform a fresh install. [run_bat]
2. Inspect registry for any leftover SDP key under HKLM\SOFTWARE\WOW6432Node\AdventNet\DesktopCentral\DCAgent\\. [registry_operation: read_key]",Reproduce the leftover SDP key; confirm the fix deletes it so a freshly installed machine does not incorrectly fall under SDP.,HKLM\SOFTWARE\WOW6432Node\AdventNet\DesktopCentral\DCAgent\\,windows,Windows 11 (x64),P1,Cleanup / Uninstall,SUPPORT TICKET: SDP-key-not-deleted.,,,,SDP key leftover
TC-AGENTINSTALL-UPGRADE-007,Agent Installation,UPGRADE,Delay updating Actual Agent version from DCAgentServerInfo.json after SSDF refresh,Agent installed/upgraded; SSDF refresh cycle in play.,"1. After install/upgrade, note the version in DCAgentServerInfo.json. [file_folder_operation]
2. Observe how long the console takes to reflect the Actual Agent version across refresh cycles. [Qengine browser]",Reproduce the reporting delay; confirm the fix updates the Actual Agent version promptly after the SSDF refresh.,DCAgentServerInfo.json; UEMS console; C:\Program Files (x86)\ManageEngine\UEMS_Agent\logs\DCAgentService.log,windows,Windows 11 (x64),P2,Timing / Timeout,SUPPORT TICKET: version-update-delay-after-SSDF.,,,,Version refresh delay
TC-AGENTINSTALL-UPGRADE-008,Agent Installation,UPGRADE,Backward-compat - MSI command for builds below vs above 10.1.2220.1,"Two targets: one for a build below 10.1.2220.1, one above.","1. Run the documented msiexec command on a sub-10.1.2220.1 build. [run_command]
2. Run the same command on an above-10.1.2220.1 build. [run_command]
3. Validate both install correctly.",Identical msiexec command installs correctly on both build ranges (command is the same per KNOWLEDGE).,Agentinstalllog.txt; HKLM\SOFTWARE\WOW6432Node\AdventNet\DesktopCentral\DCAgent\\,windows,Windows 11 (x64),P3,Upgrade / Migration,,,,,
TC-AGENTINSTALL-E2E-001,Agent Installation,E2E,"E2E Local Office lifecycle - install, verify, upgrade, uninstall",Clean Local Office target (x64). Console access.,"1. Pre-clean target.
2. Push install the agent from console. [Qengine browser]
3. Validate: service RUNNING, registry/install dir correct, machine Active. 1. Record target architecture: run `wmic os get osarchitecture` (use $env:PROCESSOR_ARCHITECTURE for ARM64). [run_command]
4. Upgrade the agent to a newer build; verify AgentVersion increments. [Qengine browser]
5. Uninstall via console; verify full cleanup (no service/process/registry/dir).",Full lifecycle succeeds end-to-end: install -> active -> upgrade -> clean uninstall with no leftovers.,C:\Program Files (x86)\ManageEngine\UEMS_Agent\logs\DCAgentService.log; HKLM\SOFTWARE\WOW6432Node\AdventNet\DesktopCentral\DCAgent\\; C:\Program Files (x86)\ManageEngine\UEMS_Agent\\; Windows Services (services.msc); UEMS console SoM page (browser); C:\Program Files (x86)\ManageEngine\UEMS_Agent\\,windows,Windows 11 (x64),P1,E2E,,,,,
TC-AGENTINSTALL-E2E-002,Agent Installation,E2E,"E2E Remote Office lifecycle - add office, DS install, WAN agent, verify via DS, uninstall","Console access. Remote office machines (one DS host with static IP, one agent target).","1. Add a Remote Office with communication = Through Distribution Server. [Qengine browser]
2. Install the DS (auto or manual); verify DS Active and replicated.
3. Install a WAN agent (auto or manual); validate it registers via DS (ServerName = DS IP).
4. Confirm the agent appears Active under the Remote Office and communicates through the DS.
5. Uninstall the agent and verify cleanup.","Remote office, DS, and WAN agent all come up correctly; agent communicates via DS; clean uninstall at the end.",C:\Program Files (x86)\ManageEngine\UEMS_Agent\logs\DCAgentService.log; HKLM\SOFTWARE\WOW6432Node\AdventNet\DesktopCentral\DCAgent\\; C:\Program Files (x86)\ManageEngine\UEMS_Agent\\; Windows Services (services.msc); UEMS console SoM page (browser); C:\Program Files (x86)\ManageEngine\UEMS_DS\\; DS replication logs,windows,Windows 11 (x64),P1,E2E,,,,,
